SEZIONE,ALLEANZA VERDI E SINISTRA,AZIONE - ITALIA VIVA - CALENDA,FORZA ITALIA,FRATELLI D'ITALIA CON GIORGIA MELONI,IMPEGNO CIVICO LUIGI DI MAIO - CENTRO DEMOCRATICO,ITALEXIT PER L'ITALIA,ITALIA SOVRANA E POPOLARE,LEGA PER SALVINI PREMIER,MASTELLA NOI DI CENTRO EUROPEISTI,MOVIMENTO 5 STELLE,NOI MODERATI/LUPI - TOTI - BRUGNARO - UDC,PARTITO DEMOCRATICO - ITALIA DEMOCRATICA E PROGRESSISTA,UNIONE POPOLARE CON DE MAGISTRIS,PIU-EUROPA,TOTALE,AFFLUENZA
1,23,100,29,128,5,5,2,14,1,60,4,83,12,5,471,0.5946969696969697
2,11,80,51,87,7,4,6,5,1,83,1,90,18,12,456,0.5364705882352941
3,21,123,47,111,10,5,7,10,3,71,3,90,18,15,534,0.5650793650793651
4,9,46,14,54,2,11,0,8,0,69,0,47,7,0,267,0.3967310549777117
5,17,113,15,58,5,4,6,6,0,81,1,125,17,22,470,0.5781057810578106
6,18,34,29,37,12,3,3,17,1,131,1,44,29,2,361,0.4429447852760736
7,39,37,25,41,2,9,4,13,0,106,1,75,19,13,384,0.4942084942084942
8,23,20,35,56,6,2,4,14,0,149,1,36,14,3,363,0.4475955610357583
9,17,8,20,31,10,3,6,15,0,172,1,63,15,12,373,0.3993576017130621
10,11,25,10,30,13,5,7,15,1,172,0,57,20,11,377,0.4445754716981132
11,7,11,10,37,16,1,2,10,0,132,0,43,7,6,282,0.4034334763948498
12,17,16,29,40,13,1,4,5,0,154,0,50,12,2,343,0.4162621359223301
13,12,20,22,50,14,6,8,18,1,128,2,72,25,7,385,0.4842767295597484
14,19,41,20,38,10,2,3,9,0,109,1,77,23,8,360,0.5240174672489083
15,15,24,28,54,9,0,2,11,1,156,0,47,12,7,366,0.4144960362400906
16,21,16,25,66,15,7,4,11,1,145,3,56,13,12,395,0.4493742889647326
17,7,35,34,83,5,3,5,9,0,61,3,50,12,16,323,0.4938837920489297
18,10,62,30,61,4,7,4,9,4,98,5,89,11,10,404,0.5771428571428572
19,11,99,32,94,6,6,5,6,1,50,4,102,12,27,455,0.5752212389380531
20,27,102,54,104,12,11,3,10,2,74,5,106,10,18,538,0.619815668202765
21,26,137,52,109,7,6,1,11,0,77,5,135,9,16,591,0.6480263157894737
22,17,132,59,123,4,8,2,7,1,66,7,74,16,12,528,0.6795366795366795
23,23,168,72,173,9,6,3,12,2,54,13,108,13,15,671,0.6669980119284294
24,23,68,22,61,8,6,3,6,1,88,2,68,6,11,373,0.4946949602122016
25,26,58,43,74,3,3,2,10,2,130,5,82,9,4,451,0.5005549389567148
26,30,74,31,96,4,1,2,5,0,119,6,115,14,8,505,0.5424274973147154
27,30,132,51,113,8,8,6,7,0,65,4,141,23,19,607,0.6533907427341227
28,20,118,24,89,8,4,5,8,0,55,2,112,10,15,470,0.6308724832214765
29,18,80,45,92,5,3,5,6,0,69,2,76,10,11,422,0.6374622356495468
30,18,60,39,64,6,4,1,10,0,88,10,57,8,11,376,0.4771573604060913
31,19,113,48,112,4,11,4,7,1,59,8,87,6,10,489,0.6229299363057325
32,33,109,48,105,7,5,4,15,1,99,14,129,25,12,606,0.6365546218487395
33,25,87,31,78,5,8,1,6,0,127,3,123,11,11,516,0.6231884057971014
34,21,77,38,119,8,8,2,5,0,77,4,89,13,20,481,0.548460661345496
35,13,124,69,149,7,11,5,12,1,60,1,55,7,6,520,0.6451612903225806
36,24,74,33,62,3,4,8,12,0,93,0,97,19,11,440,0.5263157894736842
37,27,113,28,77,3,7,2,14,1,60,4,120,24,19,499,0.6229712858926342
38,27,116,43,105,6,15,6,9,1,69,7,147,8,16,575,0.6482525366403608
39,33,103,28,100,9,11,5,5,1,117,2,160,22,25,621,0.649581589958159
40,22,93,25,78,0,4,3,5,2,65,3,99,15,18,432,0.5661861074705111
41,23,81,24,88,3,6,4,4,0,83,3,127,37,13,496,0.5842167255594818
42,29,97,31,68,6,3,0,5,0,102,3,100,11,23,478,0.5340782122905028
43,38,116,44,78,2,4,5,3,1,60,4,100,12,12,479,0.6570644718792867
44,13,100,30,77,14,1,1,8,1,84,4,104,15,15,467,0.5859473023839398
45,16,32,21,54,10,5,2,6,0,156,2,59,23,11,397,0.5044472681067345
46,27,54,13,61,5,1,5,8,0,130,1,122,26,21,474,0.5524475524475524
47,22,46,20,61,12,1,5,2,0,107,2,109,26,15,428,0.4908256880733945
48,23,64,21,47,11,4,2,9,0,118,2,85,21,19,426,0.5265760197775031
49,26,33,13,37,6,4,6,5,0,128,1,67,15,8,349,0.4840499306518724
50,19,88,27,88,8,3,4,8,2,80,0,93,9,16,445,0.536144578313253
51,19,108,75,138,5,2,4,8,0,49,5,104,18,10,545,0.6322505800464037
52,13,84,37,116,2,7,4,8,0,41,4,58,8,11,393,0.6169544740973313
53,24,114,40,98,5,11,2,7,1,71,9,137,22,12,553,0.6505882352941177
54,12,47,29,84,8,8,5,3,0,81,1,92,11,4,385,0.5746268656716418
55,22,56,19,60,3,6,5,9,0,127,2,164,48,13,534,0.5516528925619835
56,44,32,21,48,14,8,14,4,1,130,0,102,48,13,479,0.6017587939698492
57,20,56,10,77,6,1,8,2,1,88,3,92,23,13,400,0.5398110661268556
58,25,41,20,39,5,5,6,3,0,128,1,80,28,12,393,0.4869888475836431
59,18,63,32,49,9,4,3,10,0,102,10,88,20,10,418,0.5365853658536586
60,19,22,14,52,12,4,4,4,0,124,0,38,31,5,329,0.4754335260115607
61,7,22,20,30,9,1,2,5,0,101,7,63,19,8,294,0.3808290155440414
62,11,8,27,24,5,5,1,7,1,155,1,51,9,9,314,0.4385474860335195
63,3,8,16,45,4,5,1,3,1,124,2,31,11,3,257,0.3996889580093312
64,15,2,23,36,6,3,2,3,0,133,2,42,23,5,295,0.3545673076923077
65,13,12,23,51,18,6,1,4,1,158,5,47,36,3,378,0.4060150375939849
66,1,7,11,12,6,3,1,5,0,123,1,12,7,5,194,0.2701949860724233
67,8,15,15,15,5,2,1,8,0,167,0,53,7,3,299,0.3976063829787234
68,16,12,22,28,9,4,1,11,1,164,1,46,18,5,338,0.4177997527812114
69,14,11,33,38,15,3,5,11,0,188,0,45,19,14,396,0.4342105263157895
70,22,13,24,44,9,5,3,10,0,203,1,28,15,1,378,0.3974763406940063
71,16,12,24,50,11,4,3,7,0,183,4,45,14,11,384,0.4178454842219804
72,13,5,15,30,14,5,1,11,0,202,2,39,14,6,357,0.3818181818181818
73,13,8,25,29,11,5,0,9,0,199,4,26,13,8,350,0.3796095444685466
74,18,5,31,27,8,2,1,7,2,203,0,38,18,9,369,0.3855799373040752
75,5,12,3,18,2,0,0,1,1,51,0,33,2,3,131,0.458041958041958
76,25,39,14,45,4,9,6,5,0,109,0,124,29,11,420,0.5128205128205128
77,15,12,15,37,5,4,5,5,0,100,0,81,31,12,322,0.4009962640099626
78,14,24,14,41,4,1,2,1,0,71,2,83,13,7,277,0.5517928286852589
79,15,31,19,36,7,3,1,5,0,120,0,53,21,3,314,0.4385474860335195
80,11,11,3,11,4,0,5,3,0,54,3,29,8,3,145,0.3746770025839793
81,21,27,20,48,3,4,3,7,1,70,5,80,17,19,325,0.6063432835820896
82,16,14,12,43,14,9,3,10,1,142,0,57,24,7,352,0.4601307189542483
83,24,14,16,39,14,2,4,12,1,201,0,51,20,6,404,0.4019900497512438
84,10,24,11,34,9,1,1,5,0,119,0,65,19,8,306,0.4872611464968153
85,19,18,14,33,15,5,5,6,0,198,2,70,27,8,420,0.4276985743380855
86,19,15,13,46,6,4,1,5,2,156,0,83,34,16,400,0.4479283314669653
87,16,38,24,63,13,4,7,10,0,197,6,124,43,16,561,0.5389048991354467
88,37,34,31,50,21,4,5,6,0,212,2,106,26,14,548,0.5399014778325123
89,17,9,12,20,15,7,3,15,1,182,0,44,29,8,362,0.4719687092568448
90,20,11,21,35,10,1,5,5,0,111,2,46,26,6,299,0.4241134751773049
91,11,4,7,16,16,0,5,1,1,151,0,35,13,1,261,0.381021897810219
92,13,11,7,20,9,0,1,6,0,160,2,25,17,0,271,0.4435351882160392
93,20,36,17,49,13,4,10,1,1,152,1,72,23,10,409,0.5093399750933998
94,12,14,18,42,13,6,3,5,0,192,1,60,24,6,396,0.4841075794621027
95,35,26,30,57,4,6,7,3,1,162,1,96,38,6,472,0.5221238938053098
96,22,10,14,53,9,9,5,8,0,173,3,70,31,4,411,0.4945848375451263
97,23,36,22,59,2,5,5,7,0,102,0,87,17,10,375,0.4844961240310077
98,31,30,27,54,7,7,7,16,2,198,7,111,54,12,563,0.5067506750675067
99,29,42,26,64,8,8,3,9,1,171,4,136,30,13,544,0.5726315789473684
100,15,28,16,48,7,10,5,4,0,155,1,58,13,0,360,0.4374240583232078
101,14,26,17,72,5,3,3,2,0,174,1,93,40,13,463,0.5383720930232558
102,19,20,25,53,11,6,6,6,2,180,2,93,21,7,451,0.4886240520043337
103,25,23,26,48,9,1,1,9,0,186,3,95,26,8,460,0.5450236966824644
104,15,31,28,48,13,4,4,6,1,227,1,103,28,7,516,0.5657894736842105
105,19,29,21,50,12,9,8,11,0,187,1,85,35,10,477,0.5230263157894737
106,18,20,22,44,6,7,3,10,1,143,3,129,29,12,447,0.4950166112956811
107,15,14,35,29,7,5,5,9,0,210,3,93,35,4,464,0.4630738522954092
108,37,31,21,48,5,10,5,12,0,127,2,121,22,16,457,0.5363849765258216
109,19,31,16,62,3,9,3,8,0,188,1,77,23,15,455,0.509518477043673
110,7,9,20,52,23,5,3,6,0,160,0,42,15,6,348,0.4438775510204081
111,7,4,18,23,15,0,4,5,0,194,0,33,24,6,333,0.4375821287779238
112,13,5,20,39,14,4,4,2,0,164,1,56,17,6,345,0.459387483355526
113,21,12,26,38,11,3,0,3,0,222,0,60,24,6,426,0.484090909090909
114,20,19,21,69,14,5,4,9,0,177,3,107,18,15,481,0.548460661345496
115,12,3,20,53,16,2,1,6,0,207,2,50,13,10,395,0.4582366589327146
116,26,25,22,74,8,5,1,6,0,141,0,97,22,15,442,0.5080459770114942
117,14,8,25,42,12,7,1,2,1,144,0,46,16,7,325,0.4150702426564495
118,14,13,16,29,8,6,2,4,0,146,3,31,8,3,283,0.3559748427672956
119,15,10,16,32,8,0,3,5,0,186,3,31,27,11,347,0.409681227863046
120,8,6,10,26,5,4,1,2,0,116,0,75,17,4,274,0.4095665171898355
121,9,10,25,27,19,8,1,8,1,197,0,41,10,6,362,0.430952380952381
122,9,26,16,33,10,2,7,7,0,175,1,57,30,7,380,0.4556354916067146
123,6,7,22,24,11,1,2,9,0,177,2,15,8,1,285,0.3779840848806366
124,3,6,44,21,17,4,1,2,0,209,2,23,12,8,352,0.3817787418655097
125,6,3,12,18,6,3,1,5,1,175,0,10,9,1,250,0.3912363067292644
126,2,5,35,16,11,2,1,1,0,153,2,28,9,3,268,0.3371069182389937
127,9,7,56,24,7,1,0,5,0,256,7,22,3,5,402,0.4267515923566879
128,5,1,68,19,7,7,1,0,0,193,3,43,6,2,355,0.4161781946072684
129,2,2,35,14,12,1,1,2,1,212,1,17,5,0,305,0.3940568475452196
130,2,5,35,19,5,6,1,3,0,232,2,26,10,5,351,0.3993174061433447
131,1,6,58,18,11,4,3,6,1,222,1,15,12,1,359,0.4273809523809523
132,7,9,33,16,8,3,1,3,0,229,1,20,4,4,338,0.3858447488584475
133,7,9,17,47,12,1,2,7,0,182,1,36,25,11,357,0.4043035107587769
134,4,2,6,16,4,1,0,4,0,142,1,13,6,0,199,0.3503521126760563
135,18,45,33,69,17,2,6,6,1,132,5,122,18,13,487,0.5591274397244547
136,15,6,14,40,78,3,0,5,0,78,4,24,13,4,284,0.4039829302987198
137,20,39,33,91,5,7,2,6,0,124,0,115,20,12,474,0.5563380281690141
138,6,18,20,23,6,5,1,0,0,145,2,25,12,7,270,0.4029850746268656
139,7,6,11,11,4,3,2,3,0,111,0,49,16,10,233,0.494692144373673
140,8,6,15,35,9,3,4,1,0,183,1,43,17,11,336,0.4596443228454172
141,5,8,11,30,8,5,1,3,1,191,0,23,13,14,313,0.3883374689826303
142,12,3,13,24,4,1,1,4,0,224,0,18,15,27,346,0.3949771689497717
143,2,9,12,19,2,2,3,3,0,167,0,10,6,15,250,0.3144654088050314
144,20,32,15,46,4,5,1,17,2,140,0,70,25,10,387,0.5315934065934066
145,14,10,13,36,6,8,2,4,0,167,5,38,15,12,330,0.4583333333333333
146,21,10,13,26,6,4,8,3,0,152,0,61,23,14,341,0.4949201741654572
147,22,15,10,49,7,7,3,11,0,196,1,54,19,16,410,0.4712643678160919
148,24,19,27,38,6,1,4,11,0,244,0,49,10,5,438,0.5011441647597255
149,10,14,32,81,7,7,1,9,0,184,0,53,11,6,415,0.5
150,16,14,22,40,8,7,1,9,1,211,1,61,7,4,402,0.4568181818181818
151,12,15,8,23,4,6,2,12,0,180,1,64,14,6,347,0.438685208596713
152,21,20,32,55,2,2,9,10,0,171,3,68,16,14,423,0.4839816933638444
153,7,7,23,31,5,4,2,6,1,166,1,34,10,3,300,0.4629629629629629
154,34,15,24,56,9,3,2,3,1,227,4,81,12,11,482,0.526775956284153
155,22,14,16,40,4,8,4,4,1,176,6,39,17,20,371,0.4920424403183024
156,8,6,29,34,5,2,2,6,0,122,1,21,8,2,246,0.3904761904761905
157,16,15,33,76,17,2,4,14,0,209,6,63,18,12,485,0.4341987466427932
158,13,6,26,27,16,8,1,13,0,204,4,31,10,3,362,0.4263839811542991
159,7,11,23,35,12,4,2,8,0,137,0,30,11,5,285,0.3861788617886179
160,10,7,23,33,5,4,3,12,1,205,3,20,6,1,333,0.374578177727784
161,8,7,11,21,4,2,0,3,0,138,0,24,12,3,233,0.3929173693086003
162,11,3,24,39,9,2,3,6,1,225,0,25,8,4,360,0.3991130820399113
163,7,10,9,24,2,7,5,6,0,86,2,34,4,1,197,0.4112734864300626
164,13,3,30,43,6,12,0,4,2,168,37,27,10,10,365,0.5282199710564399
165,5,3,23,38,2,7,3,4,0,245,5,22,6,0,363,0.4024390243902439
166,11,6,18,34,2,5,1,3,0,215,1,25,9,2,332,0.3878504672897196
167,8,9,17,40,6,6,6,2,1,204,3,39,6,2,349,0.378524945770065
168,5,9,29,55,12,1,1,8,2,229,1,30,16,4,402,0.4808612440191387
169,7,13,18,42,7,1,0,7,0,199,1,28,12,1,336,0.4516129032258064
170,20,46,22,62,7,6,7,7,2,184,1,121,34,10,529,0.6327751196172249
171,20,22,39,91,4,7,4,1,1,157,1,67,22,11,447,0.5022471910112359
172,22,19,30,48,5,16,5,4,0,237,1,88,33,6,514,0.531540847983454
173,25,13,23,36,5,9,8,9,1,187,1,87,25,9,438,0.5943012211668928
174,19,22,35,47,13,6,2,9,1,138,1,101,23,13,430,0.5429292929292929
175,19,48,21,49,6,9,7,5,3,118,2,134,8,12,441,0.5712435233160622
176,17,38,27,75,9,9,5,5,1,140,3,118,18,12,477,0.5559440559440559
177,5,22,27,84,4,4,0,5,0,112,1,91,20,11,386,0.5316804407713499
178,2,6,21,35,14,4,2,9,0,259,4,13,1,5,375,0.3761283851554663
179,18,13,32,59,3,2,2,7,0,212,0,41,11,10,410,0.3965183752417795
180,26,8,14,45,13,7,5,5,1,280,2,33,8,2,449,0.5149082568807339
181,24,29,39,84,15,7,5,7,2,239,1,143,26,15,636,0.5781818181818181
182,31,53,42,107,11,4,7,11,0,168,8,159,20,11,632,0.587360594795539
183,15,45,26,71,5,5,5,6,3,107,4,143,17,18,470,0.556872037914692
184,30,39,24,72,8,4,4,5,1,145,3,164,33,22,554,0.5770833333333333
185,28,21,22,41,9,5,3,6,0,185,0,111,18,9,458,0.604221635883905
186,17,28,22,94,6,2,3,3,0,101,2,125,25,11,439,0.5932432432432433
187,21,24,25,46,2,5,2,6,0,159,1,46,12,15,364,0.4343675417661098
188,16,15,27,68,9,10,6,10,2,152,2,33,8,7,365,0.4734111543450064
189,24,43,45,84,3,3,1,6,0,164,2,156,18,13,562,0.5688259109311741
190,12,45,27,64,4,9,8,2,0,98,7,128,21,19,444,0.5584905660377358
191,14,13,24,65,13,2,4,7,0,136,0,67,15,5,365,0.5020632737276479
192,11,6,20,44,10,5,0,2,0,187,1,30,7,3,326,0.4317880794701986
193,14,6,29,40,6,3,1,9,0,172,1,38,12,6,337,0.4674063800277392
194,23,37,24,57,4,3,2,4,2,127,1,112,19,15,430,0.5702917771883289
195,22,43,28,66,8,3,5,11,0,139,1,125,15,16,482,0.5227765726681128
196,7,9,39,51,9,5,6,7,1,180,2,70,20,6,412,0.4922341696535245
197,15,5,9,32,3,6,1,15,0,189,3,31,7,8,324,0.4268774703557312
198,25,15,26,58,7,7,7,2,0,173,3,126,34,10,493,0.5813679245283019
199,24,32,25,82,8,5,3,15,2,154,2,129,14,16,511,0.6033057851239669
200,25,35,25,86,2,4,2,6,5,122,2,130,22,9,475,0.5510440835266821
201,12,17,27,38,5,1,4,2,0,160,0,42,13,1,322,0.4187256176853056
202,15,12,16,40,8,0,2,3,0,136,2,51,12,0,297,0.4677165354330708
203,13,7,23,37,5,7,6,3,0,156,1,53,21,6,338,0.4543010752688172
204,16,15,33,85,9,4,0,12,0,209,5,69,25,6,488,0.4742468415937804
205,18,21,29,78,12,9,3,11,1,201,1,45,19,7,455,0.4789473684210526
206,14,13,29,68,8,3,2,7,0,186,3,47,14,8,402,0.4403066812705367
207,7,10,28,63,8,3,2,7,1,192,1,65,29,7,423,0.4485683987274655
208,34,9,26,73,9,6,8,10,0,175,2,78,16,5,451,0.5050391937290034
209,25,15,30,56,11,5,1,8,0,192,0,78,18,5,444,0.4212523719165085
210,21,12,38,70,3,8,5,11,0,228,2,45,14,5,462,0.4743326488706365
211,19,14,26,46,7,7,10,8,0,219,1,60,24,12,453,0.4855305466237942
212,5,9,26,69,16,7,2,6,0,203,0,39,8,7,397,0.4547537227949599
213,8,12,35,54,6,5,0,6,0,144,2,45,16,7,340,0.4432855280312907
214,5,4,9,17,5,2,3,2,0,100,1,10,3,2,163,0.3279678068410462
215,4,7,18,41,7,0,0,5,0,125,0,13,7,2,229,0.3158620689655172
216,5,9,19,44,6,2,1,3,1,100,1,30,8,3,232,0.3706070287539936
217,5,6,15,43,9,3,0,10,0,125,3,34,6,1,260,0.3987730061349693
218,13,12,13,52,5,3,3,12,0,108,4,30,6,7,268,0.4496644295302013
219,9,8,15,44,3,7,4,7,1,117,4,34,8,4,265,0.3949329359165425
220,9,6,28,39,13,2,2,8,1,159,0,32,14,3,316,0.4235924932975871
221,13,9,24,37,8,2,1,6,0,175,1,38,15,3,332,0.4554183813443073
222,10,8,25,26,12,1,2,12,0,173,2,34,11,3,319,0.4492957746478873
223,7,2,17,25,13,2,1,4,0,134,1,14,3,2,225,0.3429878048780488
224,17,8,22,39,4,4,1,6,2,201,0,27,9,5,345,0.3920454545454545
225,12,10,16,46,14,7,3,2,1,213,3,56,11,11,405,0.421875
226,6,8,7,15,4,1,0,1,0,117,0,15,13,3,190,0.338680926916221
227,8,13,18,38,8,5,0,4,0,175,0,27,9,5,310,0.4149933065595716
228,5,2,19,51,6,3,1,7,0,143,5,32,4,6,284,0.3863945578231292
229,6,4,26,40,15,4,3,11,0,180,0,37,10,4,340,0.4126213592233009
230,13,9,29,64,16,5,2,16,0,205,0,38,12,6,415,0.4952267303102625
231,10,5,25,52,4,7,2,16,1,253,3,57,13,5,453,0.4617737003058104
232,2,4,26,37,11,2,1,13,1,233,0,33,5,3,371,0.4369846878680801
233,7,30,28,55,5,6,6,6,0,177,0,60,16,8,404,0.5018633540372671
234,12,21,30,52,21,5,2,2,1,217,0,61,9,5,438,0.4167459562321599
235,4,0,1,3,0,1,0,0,0,15,0,5,2,0,31,0.484375
236,14,14,28,45,10,5,5,12,2,257,0,74,14,3,483,0.483
237,25,23,26,69,9,7,6,12,0,227,4,57,17,9,491,0.5354416575790621
238,5,10,13,21,9,0,1,3,1,118,0,11,10,2,204,0.3322475570032573
239,3,7,14,30,15,3,3,4,1,160,1,20,17,2,280,0.3664921465968586
240,7,12,11,36,8,3,3,1,0,183,1,36,7,2,310,0.4
241,18,42,20,57,8,3,2,11,0,145,1,90,19,7,423,0.5235148514851485
242,14,18,12,50,6,7,2,8,2,111,0,46,18,10,304,0.4613050075872534
243,14,25,23,34,3,5,3,6,2,110,1,69,26,5,326,0.4902255639097744
244,29,40,17,63,3,5,2,4,1,107,1,97,34,8,411,0.5372549019607843
245,10,5,18,11,5,4,1,11,0,145,0,26,20,2,258,0.3845007451564828
246,12,13,11,44,12,1,10,7,1,161,0,48,30,3,353,0.470039946737683
247,14,17,6,35,1,4,4,3,0,88,1,51,21,5,250,0.4118616144975288
248,15,20,18,26,9,4,6,4,0,130,0,34,20,5,291,0.3823915900131406
249,19,10,9,42,10,2,5,6,0,134,1,44,20,5,307,0.4317862165963432
250,17,5,25,27,11,1,3,2,1,171,1,17,11,5,297,0.3726474278544542
251,4,0,12,4,9,2,0,7,0,126,0,6,5,0,175,0.2704791344667697
252,7,10,38,25,10,2,3,6,0,181,1,30,14,8,335,0.3701657458563536
253,16,7,35,41,5,9,7,4,0,175,0,46,40,5,390,0.4462242562929062
254,12,5,24,28,23,2,1,9,0,145,1,31,11,4,296,0.4105409153952843
255,2,3,19,13,12,1,1,3,0,133,0,12,4,3,206,0.2772543741588156
256,15,21,15,44,22,2,0,6,1,204,1,49,11,5,396,0.44
257,7,9,21,19,10,3,2,9,1,174,0,17,11,2,285,0.3603034134007585
258,7,1,20,38,5,1,3,7,0,143,0,24,4,0,253,0.3971742543171114
259,6,12,17,36,0,2,1,9,0,173,1,56,22,2,337,0.4746478873239436
260,26,11,17,64,6,8,1,5,2,200,0,45,15,8,408,0.4673539518900343
261,18,16,33,70,10,4,3,11,0,255,1,49,15,7,492,0.4350132625994695
262,4,3,14,23,18,4,0,6,0,242,0,18,4,3,339,0.3284883720930232
263,10,6,21,35,8,4,2,9,1,190,1,30,10,0,327,0.4280104712041885
264,9,5,11,27,6,7,0,2,1,122,5,36,8,5,244,0.391653290529695
265,24,17,27,78,9,9,1,11,2,161,0,56,9,5,409,0.538866930171278
266,19,14,27,97,5,9,4,22,0,277,1,54,10,10,549,0.5036697247706422
267,9,9,15,19,4,4,2,3,0,80,1,36,2,10,194,0.4092827004219409
268,16,6,33,53,14,3,0,10,1,201,0,51,7,10,405,0.3853472882968601
269,14,6,32,55,5,8,4,20,0,185,3,40,12,4,388,0.3864541832669322
270,10,7,21,34,6,6,5,4,0,224,0,53,19,1,390,0.4462242562929062
271,14,7,14,33,13,2,3,3,1,163,0,39,11,6,309,0.4376770538243626
272,4,15,31,33,4,4,5,9,0,261,0,28,4,1,399,0.43042071197411
273,18,17,28,85,17,2,2,11,2,237,1,36,17,8,481,0.4537735849056604
274,7,20,13,30,8,8,1,4,1,178,0,66,22,8,366,0.4972826086956521
275,10,8,25,39,6,1,3,4,0,192,0,50,9,3,350,0.445859872611465
276,16,14,21,39,10,4,3,12,0,212,2,53,19,6,411,0.4581939799331103
277,7,9,11,27,7,6,2,10,1,132,0,26,5,2,245,0.4446460980036297
278,4,6,20,29,6,7,2,11,0,214,0,23,19,2,343,0.4537037037037037
279,9,16,38,35,6,4,3,14,0,195,1,47,9,3,380,0.4274465691788526
280,8,6,22,26,7,4,1,8,0,242,5,30,5,3,367,0.3867228661749209
281,1,4,8,32,10,3,2,13,3,175,1,15,11,5,283,0.4421875
282,11,7,14,24,7,5,0,7,0,205,0,20,11,5,316,0.3979848866498741
283,13,12,30,57,6,4,1,5,1,191,6,73,13,5,417,0.4522776572668113
284,87,12,8,52,10,8,5,17,1,201,2,13,20,8,444,0.5447852760736196
285,9,26,19,75,4,9,4,11,0,163,2,98,43,14,477,0.5527230590961761
286,20,6,14,44,7,0,4,5,0,185,0,109,8,4,406,0.5398936170212766
287,14,7,25,21,13,3,1,10,4,233,0,45,4,2,382,0.4282511210762332
288,8,4,15,24,4,4,1,9,2,234,0,37,2,4,348,0.3628779979144942
289,8,1,20,30,8,1,1,5,1,226,1,39,5,5,351,0.3988636363636363
290,9,5,14,30,8,6,1,7,3,150,1,50,9,5,298,0.3796178343949045
291,4,5,15,43,10,12,3,6,1,261,11,38,8,2,419,0.3879629629629629
292,8,3,14,21,12,4,0,8,0,194,4,67,9,5,349,0.40534262485482
293,7,3,8,23,11,0,2,2,0,207,4,27,5,4,303,0.3992094861660079
294,9,4,7,20,7,3,0,2,0,172,1,70,8,1,304,0.4336661911554921
295,2,1,15,29,9,2,0,8,2,232,3,51,6,3,363,0.3894849785407725
296,4,5,13,37,5,7,5,6,0,185,0,73,6,2,348,0.4280442804428044
297,5,5,11,14,4,1,2,4,1,209,5,52,10,3,326,0.3634336677814939
298,14,4,17,59,16,5,5,2,2,188,2,81,7,2,404,0.4381778741865509
299,4,0,13,23,5,4,0,4,1,287,3,23,7,1,375,0.3658536585365853
300,5,5,26,20,2,0,2,4,1,207,2,30,4,0,308,0.3969072164948453
301,6,6,14,29,7,0,3,9,0,255,0,40,9,2,380,0.4540023894862604
302,9,9,21,33,6,0,3,5,1,138,0,37,11,4,277,0.4453376205787781
303,3,1,14,30,2,1,1,8,0,130,0,38,10,1,239,0.3924466338259442
304,6,4,14,24,12,8,5,7,1,205,6,51,6,3,352,0.4121779859484777
305,9,4,17,28,7,5,7,8,4,292,2,58,15,4,460,0.4609218436873747
306,5,2,11,25,6,1,1,10,0,211,0,24,3,3,302,0.3968462549277267
307,5,5,34,62,7,5,3,8,0,196,1,16,7,5,354,0.3898678414096916
308,8,19,23,59,9,9,5,13,0,118,7,49,18,5,342,0.45
309,6,9,21,34,15,0,0,17,0,171,0,22,8,4,307,0.3561484918793503
310,7,4,18,46,14,4,4,5,0,126,0,20,6,3,257,0.3408488063660477
311,7,5,11,36,11,2,5,9,0,131,0,26,2,3,248,0.4032520325203252
312,0,2,16,11,11,1,2,3,0,121,0,12,4,0,183,0.3182608695652174
313,3,0,10,17,15,0,0,2,0,107,1,5,2,0,162,0.3011152416356877
314,6,3,12,23,11,4,1,6,0,89,0,27,4,2,188,0.2974683544303797
315,9,9,22,40,12,5,4,10,1,122,1,39,5,4,283,0.383989145183175
316,13,7,41,64,9,3,0,7,0,188,0,31,10,4,377,0.3706981317600786
317,16,4,12,44,3,4,2,2,0,122,1,29,2,7,248,0.3346828609986504
318,5,4,7,16,20,3,3,1,0,112,0,11,8,4,194,0.2993827160493827
319,5,3,23,25,14,3,2,5,0,186,1,25,6,0,298,0.3207750269106566
320,10,32,15,39,9,1,3,4,0,149,2,65,20,12,361,0.4762532981530343
321,18,13,44,54,11,6,1,5,1,148,0,56,22,4,383,0.3856998992950655
322,9,3,33,35,8,2,3,12,4,192,2,30,5,5,343,0.3988372093023256
323,9,5,18,21,12,3,1,6,0,162,1,33,6,4,281,0.3781965006729475
324,12,6,26,32,3,1,3,2,0,160,0,13,7,11,276,0.4011627906976744
325,19,39,69,2,8,8,1,15,0,168,7,90,25,6,457,0.454726368159204
326,18,9,18,32,6,2,6,3,0,156,2,57,26,9,344,0.4278606965174129
327,13,12,20,25,10,5,10,5,0,133,0,48,12,4,297,0.3997308209959623
328,16,15,12,27,4,2,5,4,0,139,2,47,21,10,304,0.437410071942446
329,5,5,21,27,8,2,1,8,1,130,0,21,14,2,245,0.399673735725938
330,8,7,6,21,6,4,0,1,1,125,0,15,9,0,203,0.3631484794275492
331,13,25,17,40,3,5,4,6,0,103,2,52,5,11,286,0.4627831715210356
332,9,41,14,34,0,5,4,4,2,73,3,66,22,15,292,0.5397412199630314
333,24,23,20,51,10,2,4,4,0,147,2,77,42,8,414,0.5111111111111111
334,18,16,22,55,7,5,3,5,0,120,2,39,24,11,327,0.4752906976744186
335,22,22,7,31,9,3,3,8,2,167,0,80,29,6,389,0.4642004773269689
336,18,53,35,83,3,7,2,12,2,87,4,113,25,11,455,0.5575980392156863
337,28,48,20,68,3,5,5,8,0,123,1,107,38,14,468,0.5473684210526316
338,15,29,14,53,6,1,4,3,1,46,1,69,11,6,259,0.518
339,20,69,31,97,6,19,9,5,0,103,3,137,29,18,546,0.5438247011952191
340,25,67,32,101,9,2,1,13,1,46,1,114,19,23,454,0.634965034965035
341,27,90,32,122,2,3,7,15,0,90,7,139,31,20,585,0.6407447973713034
342,18,58,24,62,3,6,4,5,0,87,4,113,24,13,421,0.6101449275362318
343,35,67,24,94,6,4,2,12,0,104,3,147,25,14,537,0.6317647058823529
344,20,52,24,54,7,4,3,5,0,98,1,132,19,28,447,0.5835509138381201
345,48,75,32,80,7,6,3,10,0,100,8,191,20,19,599,0.6853546910755148
346,36,48,30,80,7,5,3,7,2,94,5,163,22,26,528,0.6423357664233577
347,18,53,31,78,7,6,4,4,1,90,5,130,20,20,467,0.6072821846553966
348,20,52,30,79,6,15,3,9,2,98,3,117,12,19,465,0.5827067669172933
349,46,82,26,86,9,4,6,6,0,117,11,165,25,15,598,0.6514161220043573
350,25,40,30,63,3,3,5,9,0,75,8,124,28,25,438,0.5658914728682171
351,22,78,26,88,10,5,3,8,0,102,3,162,24,23,554,0.6360505166475315
352,21,47,23,60,5,8,1,6,1,96,5,135,13,14,435,0.5894308943089431
353,19,62,28,93,5,2,9,8,1,106,5,102,24,11,475,0.5967336683417085
354,13,44,30,94,2,5,6,8,2,70,2,107,27,8,418,0.5829846582984658
355,32,62,45,112,3,5,6,4,1,99,4,115,16,12,516,0.6150178784266984
356,29,75,35,93,6,2,5,8,0,137,0,159,24,16,589,0.6206533192834562
357,25,46,30,83,5,10,7,6,2,150,2,133,25,17,541,0.5919037199124726
358,23,47,36,71,2,4,8,8,0,155,0,146,24,17,541,0.5958149779735683
359,26,35,33,75,3,7,7,9,1,143,0,117,21,16,493,0.6193467336683417
360,30,34,24,75,10,6,6,11,1,137,1,100,26,15,476,0.5714285714285714
361,23,40,22,58,6,7,8,3,1,120,3,96,27,9,423,0.5818431911966988
362,38,42,30,54,15,4,3,3,0,107,0,139,29,19,483,0.613722998729352
363,25,67,53,105,3,11,5,5,0,111,3,137,15,31,571,0.6233624454148472
364,45,56,28,77,6,8,8,5,1,123,2,122,24,15,520,0.5733186328555678
365,33,44,22,59,7,10,4,8,1,79,1,136,18,14,436,0.5828877005347594
366,19,44,17,58,6,5,2,2,0,74,0,112,24,8,371,0.5879556259904913
367,32,63,33,81,4,3,2,7,0,132,6,158,30,14,565,0.60687432867884
368,29,57,35,88,3,8,3,13,1,95,4,148,28,11,523,0.6293622141997594
369,22,71,38,80,2,3,2,5,1,83,2,128,18,23,478,0.6356382978723404
370,19,42,33,83,6,10,2,6,2,103,4,140,18,23,491,0.6537949400798935
371,27,50,35,76,2,4,6,5,2,98,5,111,36,12,469,0.5472578763127188
372,44,32,8,63,9,14,11,37,2,143,3,158,31,15,570,0.5993690851735016
373,40,64,27,74,6,11,5,15,0,127,3,145,44,22,583,0.6202127659574468
374,33,74,36,103,6,9,8,10,1,153,4,167,30,13,647,0.5985198889916744
375,24,57,34,101,12,8,13,5,0,95,6,145,30,21,551,0.5931108719052745
376,14,45,22,64,2,10,5,5,0,103,1,103,19,11,404,0.6412698412698413
377,19,55,22,79,7,14,2,4,5,83,13,125,26,15,469,0.5944233206590621
378,26,42,17,79,4,5,5,5,2,113,2,132,19,13,464,0.64
379,24,44,21,68,5,9,8,8,0,125,3,136,29,18,498,0.6036363636363636
380,21,23,25,68,7,2,9,3,1,136,1,90,20,20,426,0.5620052770448549
381,29,47,26,53,9,1,2,6,0,122,4,144,27,25,495,0.6164383561643836
382,17,30,21,42,9,4,0,0,1,115,1,97,21,10,368,0.5508982035928144
383,34,40,23,65,7,9,3,14,0,169,9,158,46,18,595,0.6140350877192983
384,33,36,20,67,9,8,6,5,0,115,2,139,19,23,482,0.5521191294387171
385,17,34,22,56,4,6,5,3,0,109,9,148,31,16,460,0.5808080808080808
386,52,65,39,109,12,9,3,5,2,182,3,172,41,19,713,0.6237970253718286
387,26,56,38,86,11,11,5,9,3,168,0,183,32,28,656,0.6051660516605166
388,29,57,36,76,6,10,5,4,1,142,6,158,27,11,568,0.6187363834422658
389,20,28,24,55,3,8,2,4,0,147,2,71,29,12,405,0.4838709677419355
390,31,64,41,101,7,11,7,16,0,141,2,174,42,19,656,0.6218009478672986
391,33,45,25,72,11,10,2,11,0,191,4,115,32,13,564,0.5850622406639004
392,33,45,12,68,8,7,9,7,1,136,6,155,43,15,545,0.625
393,48,38,20,69,6,10,5,6,0,141,3,155,21,26,548,0.6298850574712643
394,21,28,41,22,7,6,0,2,2,140,3,77,22,12,383,0.5182679296346414
395,44,37,31,75,8,4,8,6,1,167,2,134,19,22,558,0.5818561001042752
396,29,27,12,48,7,2,0,12,0,107,3,107,20,5,379,0.5768645357686454
397,20,23,11,64,10,5,3,3,0,159,2,118,23,7,448,0.5628140703517588
398,11,6,20,37,9,4,5,6,0,101,1,37,6,17,260,0.5189620758483033
399,0,27,0,0,0,6,4,0,0,168,0,0,24,0,229,0.2327235772357723
400,19,17,29,53,4,5,2,9,2,143,3,83,12,13,394,0.4781553398058252
401,25,37,36,72,6,5,6,7,0,161,1,135,30,15,536,0.6153846153846154
402,21,26,25,58,5,9,3,13,0,114,0,97,14,11,396,0.5569620253164557
403,21,52,18,77,7,2,4,4,5,118,0,114,22,16,460,0.5905006418485238
404,23,36,34,73,8,9,7,4,0,164,4,145,23,15,545,0.5943293347873501
405,26,24,27,66,14,5,4,6,0,170,3,119,34,10,508,0.5675977653631284
406,40,33,21,77,12,10,4,12,0,108,1,120,33,15,486,0.5751479289940828
407,10,8,19,35,1,2,3,7,0,89,1,54,18,5,252,0.509090909090909
408,39,52,46,84,9,8,10,9,2,123,5,140,32,22,581,0.5989690721649484
409,33,39,30,103,4,5,5,12,0,99,5,185,26,21,567,0.6370786516853932
410,35,45,28,59,9,10,10,2,1,134,3,198,51,19,604,0.6459893048128342
411,11,5,17,31,1,4,1,2,0,121,0,66,14,9,282,0.4973544973544973
412,29,46,29,97,6,9,1,14,2,147,3,116,18,15,532,0.5763813651137595
413,27,21,14,39,0,10,6,3,0,107,1,70,31,10,339,0.5687919463087249
414,24,25,23,67,5,4,3,5,0,150,4,135,25,9,479,0.5668639053254438
415,33,53,25,97,9,8,4,10,0,124,3,132,36,15,549,0.5960912052117264
416,37,36,39,86,5,7,4,13,0,128,12,140,37,17,561,0.5917721518987342
417,37,52,25,68,9,16,8,6,2,152,8,140,27,10,560,0.5755395683453237
418,20,46,25,71,10,12,2,9,2,158,2,139,25,15,536,0.6210892236384704
419,30,33,22,52,2,2,4,6,0,129,1,140,27,16,464,0.6261808367071525
420,28,26,36,51,5,15,5,14,0,166,1,149,45,8,549,0.5785036880927292
421,22,22,16,66,9,12,5,7,0,128,4,115,32,15,453,0.5763358778625954
422,26,44,15,52,1,6,2,4,1,75,0,102,12,11,351,0.5801652892561984
423,25,39,21,64,6,5,5,3,0,112,1,143,29,22,475,0.5695443645083933
424,14,46,21,84,6,2,9,9,1,103,7,143,27,14,486,0.6052303860523038
425,30,35,24,59,4,5,2,14,0,138,1,109,19,7,447,0.5850785340314136
426,20,25,17,70,5,5,4,6,0,131,3,113,20,9,428,0.5602094240837696
427,21,55,31,69,7,8,4,11,2,119,1,172,26,17,543,0.6087443946188341
428,24,36,30,59,10,23,6,2,0,136,0,168,36,21,551,0.5622448979591836
429,39,29,24,87,6,8,8,6,0,156,4,145,31,9,552,0.5961123110151187
430,29,52,0,97,5,6,4,7,2,121,1,137,28,19,508,0.5832376578645235
431,15,45,52,77,6,8,5,24,1,124,9,120,19,16,521,0.5756906077348066
432,21,26,18,56,8,4,5,8,0,176,0,160,26,11,519,0.5917901938426454
433,36,59,31,70,16,2,1,5,0,136,6,153,32,17,564,0.6401816118047673
434,38,33,33,66,2,9,9,6,0,158,1,164,27,25,571,0.6172972972972973
435,36,44,17,69,6,8,3,9,2,124,4,95,24,15,456,0.6212534059945504
436,26,35,11,39,6,10,6,3,2,112,2,105,19,19,395,0.5741279069767442
437,21,34,35,48,4,15,8,14,0,113,3,106,9,6,416,0.5892351274787535
438,18,7,8,32,2,5,1,5,0,51,3,70,6,3,211,0.5509138381201044
439,26,30,22,82,6,6,5,2,1,121,7,102,28,17,455,0.558968058968059
440,34,43,24,93,10,9,10,3,1,163,2,155,26,22,595,0.6185031185031185
441,18,51,29,48,2,5,0,6,0,92,3,118,31,16,419,0.6367781155015197
442,28,25,11,51,4,7,1,4,1,148,2,110,22,10,424,0.51145958986731
443,30,51,23,89,8,10,7,7,4,122,4,151,37,13,556,0.6198439241917503
444,36,40,15,74,8,12,3,10,1,131,2,123,30,20,505,0.5913348946135831
445,14,75,17,52,3,4,3,4,0,54,2,68,5,6,307,0.4943639291465378
446,17,45,20,43,1,3,3,4,0,62,2,64,13,8,285,0.5428571428571428
447,18,90,66,104,8,7,4,5,0,66,4,84,15,14,485,0.5921855921855922
448,16,84,33,91,1,13,4,2,0,71,5,78,16,21,435,0.5831099195710456
449,14,100,5,125,1,11,3,40,0,97,10,115,10,24,555,0.582983193277311
450,6,50,24,70,4,6,10,5,0,36,3,48,11,6,279,0.5670731707317073
451,11,62,15,47,6,8,5,13,1,131,4,63,9,6,381,0.5107238605898123
452,14,89,32,130,9,14,5,6,1,68,6,103,12,12,501,0.5341151385927505
453,24,58,35,90,3,12,3,9,0,85,5,79,8,11,422,0.5718157181571816
454,19,64,47,95,3,8,6,7,0,93,3,90,20,19,474,0.5947302383939774
455,13,72,27,124,4,8,2,5,0,60,3,103,10,9,440,0.583554376657825
456,18,132,49,144,6,9,2,6,0,63,7,92,14,12,554,0.6389850057670127
457,16,84,39,121,7,7,6,11,0,45,5,88,10,9,448,0.5856209150326798
458,17,108,42,111,7,8,1,14,1,65,10,94,15,9,502,0.6182266009852216
459,13,127,59,143,2,6,6,19,0,49,12,63,4,10,513,0.6325524044389642
460,8,115,43,123,1,4,2,13,0,35,2,74,7,15,442,0.6088154269972452
461,19,90,54,138,6,4,5,9,0,61,14,74,17,13,504,0.6222222222222222
462,16,97,43,101,3,6,3,9,0,129,0,122,11,20,560,0.6086956521739131
463,20,103,69,126,6,10,2,8,0,67,0,87,8,10,516,0.57847533632287
464,16,129,56,127,2,8,1,7,0,58,7,70,6,10,497,0.6626666666666666
465,12,111,9,119,6,13,10,29,1,95,6,117,10,29,567,0.6196721311475409
466,15,80,40,86,1,12,1,6,0,105,6,87,11,6,456,0.6096256684491979
467,16,8,11,43,20,6,1,8,0,223,0,78,22,12,448,0.4681295715778474
468,12,15,23,44,14,9,7,8,2,245,0,64,11,9,463,0.4686234817813765
469,20,19,27,34,8,6,2,6,7,145,2,75,15,5,371,0.5769828926905132
470,6,12,10,26,7,9,1,3,2,181,0,31,9,1,298,0.43001443001443
471,16,20,24,45,4,7,4,8,0,219,1,77,20,8,453,0.4641393442622951
472,25,14,30,40,10,7,2,3,0,202,2,42,25,6,408,0.4951456310679611
473,14,88,29,66,4,6,1,6,1,52,3,77,9,6,362,0.5782747603833865
474,9,13,11,39,4,9,4,10,0,164,1,63,17,7,351,0.5294117647058824
475,21,30,30,69,9,2,0,5,2,217,4,100,28,10,527,0.543859649122807
476,19,27,15,47,16,2,3,11,0,202,2,108,15,7,474,0.5214521452145214
477,9,17,15,49,10,6,1,17,1,166,6,69,10,9,385,0.4788557213930348
478,5,14,16,45,6,6,3,10,0,206,10,60,10,9,400,0.4550625711035267
479,16,21,33,55,8,6,4,5,5,196,0,71,13,6,439,0.5270108043217286
480,18,21,26,57,7,5,2,13,0,247,1,77,19,4,497,0.5231578947368422
481,8,10,17,26,15,7,3,4,0,179,0,41,12,6,328,0.486646884272997
482,12,40,29,57,9,8,4,10,0,181,1,91,14,6,462,0.532258064516129
483,14,18,27,57,6,8,4,11,0,239,1,87,18,2,492,0.562929061784897
484,21,26,37,62,14,5,5,7,0,177,0,96,17,5,472,0.5784313725490197
485,31,59,24,102,12,20,9,10,0,181,3,139,20,8,618,0.5948026948989413
486,34,43,30,87,10,1,5,11,0,200,0,104,22,10,557,0.5597989949748744
487,14,14,19,47,10,6,5,16,4,147,3,55,18,12,370,0.4774193548387097
488,14,33,15,58,7,5,2,8,0,142,3,89,12,9,397,0.4895191122071516
489,20,36,28,47,11,3,1,15,4,132,3,110,27,8,445,0.5809399477806788
490,14,12,28,58,9,7,5,3,0,238,1,61,9,7,452,0.4875943905070118
491,13,16,10,29,6,4,2,4,1,188,2,75,19,8,377,0.494750656167979
492,21,25,18,61,13,5,1,2,0,185,0,86,12,6,435,0.4475308641975308
493,26,13,23,37,4,5,4,7,0,255,1,57,16,13,461,0.5197294250281849
494,17,41,21,59,8,10,3,8,2,165,0,130,42,10,516,0.5639344262295082
495,12,16,15,38,8,11,3,5,0,146,1,105,11,11,382,0.5298196948682385
496,21,14,31,57,8,2,4,18,2,236,3,84,15,15,510,0.4602888086642599
497,17,16,27,50,8,8,1,6,0,163,1,119,22,4,442,0.5181711606096131
498,29,22,9,40,8,4,4,6,0,154,4,65,13,8,366,0.6192893401015228
499,9,14,20,45,3,6,1,8,1,151,3,60,18,4,343,0.4879089615931721
500,15,18,11,49,8,4,2,6,2,181,1,48,18,11,374,0.5275035260930888
501,10,16,12,34,14,8,12,5,0,131,0,30,14,8,294,0.4329896907216495
502,21,14,14,49,12,5,3,7,0,147,1,51,9,4,337,0.457259158751696
503,16,13,19,59,7,7,1,9,1,248,1,70,17,7,475,0.511302475780409
504,9,14,190,23,12,2,0,7,0,216,1,54,7,4,539,0.5118708452041786
505,21,79,40,97,4,5,3,5,0,105,4,117,14,15,509,0.5918604651162791
506,29,37,34,59,9,10,7,8,1,213,1,141,22,13,584,0.5828343313373253
507,6,9,18,40,13,7,5,13,0,199,1,54,12,1,378,0.447867298578199
508,23,11,20,31,3,4,4,11,0,138,2,95,21,10,373,0.5275813295615276
509,17,16,17,57,7,4,7,3,0,226,1,51,18,8,432,0.4859392575928009
510,8,33,10,42,9,8,7,7,1,140,0,82,11,9,367,0.5725429017160687
511,8,12,19,32,6,9,3,4,0,167,4,53,8,10,335,0.4240506329113924
512,8,16,11,32,4,8,2,3,3,199,0,53,13,3,355,0.5100574712643678
513,20,31,16,68,7,5,3,6,4,158,1,106,18,5,448,0.5736235595390525
514,20,26,18,55,14,4,5,15,0,144,2,91,19,11,424,0.5721997300944669
515,16,26,22,42,9,6,8,10,4,188,1,59,8,7,406,0.5024752475247525
516,12,19,15,64,11,2,4,4,0,141,2,64,11,5,354,0.5028409090909091
517,5,13,21,39,4,3,3,3,0,151,0,50,14,5,311,0.5623869801084991
518,21,23,16,74,6,6,7,6,1,221,0,127,9,18,535,0.5673382820784729
519,18,60,29,93,8,8,6,8,0,87,3,103,36,9,468,0.6273458445040214
520,16,34,35,66,13,8,3,8,1,185,3,104,19,15,510,0.4843304843304843
521,21,22,23,55,8,14,5,5,2,152,0,69,25,6,407,0.4765807962529274
522,12,9,31,35,10,2,3,5,1,150,4,36,12,3,313,0.4890625
523,18,15,29,51,10,3,2,10,1,216,2,56,18,5,436,0.5246690734055355
524,15,25,18,39,4,8,0,8,0,175,1,117,14,15,439,0.5686528497409327
525,17,25,18,47,15,1,1,1,2,172,1,71,14,16,401,0.50125
526,13,34,33,66,7,4,4,6,0,114,5,81,23,5,395,0.6162246489859594
527,15,24,20,41,11,8,8,13,3,159,3,76,21,6,408,0.5037037037037037
528,19,35,37,78,8,4,5,14,0,150,2,71,14,10,447,0.4933774834437086
529,32,27,24,69,11,7,4,5,2,169,2,141,25,18,536,0.6450060168471721
530,12,25,16,51,3,13,2,8,1,244,1,75,20,12,483,0.5193548387096775
531,14,13,13,48,13,8,2,2,0,222,1,47,10,5,398,0.4354485776805251
532,21,23,27,39,10,6,4,6,0,196,3,88,22,20,465,0.5483490566037735
533,20,12,27,81,16,5,3,8,1,213,2,82,21,10,501,0.5197095435684648
534,25,31,31,50,12,7,5,6,0,190,1,91,14,11,474,0.5602836879432624
535,15,8,5,46,7,12,2,4,1,164,2,59,17,8,350,0.5057803468208093
536,5,13,44,44,7,6,0,11,2,163,1,29,9,5,339,0.364516129032258
537,5,8,21,31,8,1,1,11,0,175,1,29,0,0,291,0.4002751031636863
538,10,18,4,56,10,7,2,3,1,172,1,76,17,6,383,0.5432624113475177
539,19,12,12,29,5,6,2,6,1,203,1,55,19,6,376,0.4826700898587933
540,9,8,13,35,9,6,4,3,1,165,0,76,18,6,353,0.5316265060240963
541,8,14,12,24,8,4,2,4,0,208,3,53,14,9,363,0.484
542,8,12,8,30,6,4,4,4,0,148,1,26,12,8,271,0.4143730886850152
543,7,10,20,35,5,11,2,7,0,162,0,69,18,9,355,0.4765100671140939
544,19,4,12,35,16,9,2,5,1,187,1,55,17,13,376,0.4940867279894875
545,13,12,18,42,7,14,4,4,2,165,1,99,29,12,422,0.5294855708908407
546,15,21,10,50,3,4,6,6,1,135,0,63,20,6,340,0.4829545454545454
547,4,5,6,20,4,5,0,1,0,128,3,25,4,1,206,0.3639575971731448
548,22,12,9,58,4,7,1,5,0,174,2,67,25,6,392,0.4918444165621079
549,24,20,18,52,7,6,5,6,0,205,0,82,17,2,444,0.5051194539249146
550,15,9,12,29,14,7,4,9,2,249,0,96,11,6,463,0.5518474374255066
551,16,13,12,30,8,4,5,0,1,124,4,54,10,10,291,0.4890756302521008
552,15,17,22,49,4,5,2,6,1,148,2,65,11,8,355,0.4863013698630137
553,27,26,16,66,10,6,3,7,0,202,0,100,26,11,500,0.5336179295624333
554,15,29,21,34,8,1,3,4,2,116,2,70,9,12,326,0.509375
555,17,25,12,68,8,4,3,7,0,177,1,127,13,11,473,0.5644391408114559
556,4,17,26,27,5,4,2,12,2,207,1,63,10,1,381,0.5134770889487871
557,16,20,14,61,8,8,5,8,0,197,0,111,25,6,479,0.5263736263736264
558,10,9,17,27,9,3,1,3,0,284,0,34,8,0,405,0.387189292543021
559,6,10,12,29,6,2,4,5,0,250,0,26,8,3,361,0.45125
560,6,7,16,24,8,2,1,10,0,155,2,17,8,1,257,0.3784977908689249
561,8,19,23,23,2,5,4,11,1,229,2,39,15,2,383,0.4052910052910053
562,13,14,22,38,13,1,2,10,1,282,1,30,13,0,440,0.4819277108433735
563,6,35,30,20,12,3,3,6,0,225,0,15,0,1,356,0.4273709483793517
564,5,8,27,53,9,3,4,7,0,270,0,30,7,3,426,0.4234592445328032
565,7,33,36,12,8,1,6,11,1,207,1,7,6,1,337,0.4603825136612022
566,11,11,19,32,8,2,1,7,0,226,0,35,11,7,370,0.4654088050314465
567,17,17,21,35,12,3,1,6,1,273,1,56,11,3,457,0.4406943105110897
568,5,30,21,30,1,2,2,8,0,156,0,12,3,3,273,0.4482758620689655
569,6,4,11,10,5,1,1,0,0,183,0,17,3,3,244,0.3360881542699724
570,7,3,12,18,12,8,2,6,1,246,1,0,5,23,344,0.3873873873873873
571,11,5,24,34,11,1,1,5,1,241,1,34,0,3,372,0.4078947368421052
572,15,13,22,40,11,7,2,9,2,286,4,44,6,3,464,0.4150268336314848
573,3,16,23,32,3,6,3,4,0,153,0,36,9,5,293,0.4710610932475884
574,4,2,9,20,5,3,0,3,0,164,0,13,0,6,229,0.4721649484536082
575,8,8,21,15,6,7,2,8,0,218,0,22,3,4,322,0.3837902264600715
576,11,24,28,25,5,5,7,4,1,176,4,31,8,7,336,0.4497991967871486
577,2,8,17,39,4,1,1,6,0,253,0,21,3,5,360,0.4390243902439024
578,13,5,21,52,15,8,5,13,0,283,3,39,6,4,467,0.4499036608863198
579,7,8,18,30,9,4,3,7,1,279,1,58,3,3,431,0.4204878048780487
580,8,3,15,39,4,7,1,8,0,231,0,67,9,2,394,0.4457013574660634
581,4,8,25,28,8,7,2,2,2,272,4,56,7,4,429,0.4355329949238579
582,8,9,12,37,4,0,4,9,0,244,4,37,6,7,381,0.4177631578947368
583,14,7,19,38,13,2,1,8,1,208,0,36,12,7,366,0.4452554744525547
584,23,15,27,33,9,4,1,10,0,216,4,56,10,3,411,0.4506578947368421
585,3,6,16,32,11,0,0,9,0,285,0,45,8,4,419,0.4103819784524976
586,14,7,21,43,5,5,1,5,2,295,0,74,21,3,496,0.4930417495029821
587,4,14,26,36,9,4,0,4,0,271,2,55,12,1,438,0.4022038567493113
588,9,5,26,48,7,1,5,5,0,312,0,41,8,3,470,0.4681274900398406
589,1,0,4,5,0,1,1,0,1,57,0,0,1,7,78,0.3577981651376147
590,10,19,30,45,7,3,1,10,1,283,1,59,11,4,484,0.4481481481481481
591,4,9,26,29,6,1,1,7,0,171,0,38,9,6,307,0.4548148148148148
592,5,6,8,21,4,4,2,3,0,164,1,31,10,1,260,0.4788213627992633
593,11,3,13,19,9,4,0,1,0,301,2,55,7,3,428,0.4533898305084746
594,5,3,14,12,5,2,0,7,0,132,1,22,5,1,209,0.4066147859922179
595,10,11,36,44,10,0,2,4,0,257,1,38,7,2,422,0.4941451990632318
596,4,7,20,20,7,1,2,5,2,255,0,24,3,4,354,0.36875
597,8,6,16,21,5,5,0,5,3,238,1,44,9,1,362,0.4769433465085639
598,9,10,13,32,2,3,10,0,0,202,0,48,7,2,338,0.4311224489795918
599,10,6,14,26,6,3,6,4,0,181,5,45,4,5,315,0.4461756373937677
600,6,2,25,26,11,4,3,7,0,309,0,57,13,6,469,0.4895615866388308
601,7,5,18,30,10,2,1,1,0,151,3,19,6,3,256,0.3987538940809969
602,4,1,17,15,10,0,1,3,0,154,0,21,3,3,232,0.3531202435312024
603,19,10,40,51,7,6,4,13,1,294,4,56,14,3,522,0.5122669283611384
604,11,15,17,54,4,6,2,11,0,173,0,54,10,4,361,0.4682230869001297
605,6,5,22,39,5,3,3,9,0,221,0,26,3,2,344,0.4680272108843537
606,7,13,18,15,2,1,0,3,0,158,0,46,9,4,276,0.4332810047095761
607,10,14,66,48,13,14,4,11,2,203,0,60,22,7,474,0.4450704225352113
608,8,13,29,44,14,4,1,7,0,226,1,31,4,3,385,0.4379977246871445
609,6,7,18,24,10,3,1,5,0,221,0,44,8,1,348,0.4328358208955223
610,10,13,28,46,13,5,1,6,1,216,1,32,9,3,384,0.4201312910284464
611,10,24,62,57,8,5,4,12,1,252,1,21,11,6,474,0.4154250657318142
612,4,18,85,59,5,0,1,11,0,243,2,41,11,4,484,0.4649375600384245
613,6,16,36,12,4,1,1,4,1,203,0,12,5,2,303,0.3965968586387434
614,3,10,28,33,3,4,1,4,0,218,0,30,5,0,339,0.3955659276546091
615,2,14,62,35,7,0,2,6,1,241,1,13,5,6,395,0.4265658747300216
616,15,31,63,50,10,4,1,12,0,240,1,24,7,4,462,0.4782608695652174
617,10,31,72,68,5,6,1,11,0,288,5,35,12,4,548,0.4954792043399638
618,11,7,35,45,14,4,0,8,0,261,3,33,10,2,433,0.3768494342906875
619,11,6,17,30,5,3,0,3,0,112,0,29,3,1,220,0.4007285974499089
620,11,3,23,49,8,3,3,7,0,209,1,38,7,1,363,0.3692777212614445
621,9,8,65,41,2,8,3,8,0,220,7,14,4,3,392,0.4434389140271493
622,7,15,98,47,15,2,5,6,0,286,0,12,6,0,499,0.4901768172888016
623,4,3,13,10,6,2,2,6,0,308,0,12,10,2,378,0.4140197152245345
624,12,18,31,53,4,2,1,22,0,243,0,36,14,8,444,0.4620187304890739
625,2,12,22,45,18,1,1,3,1,238,0,23,8,7,381,0.3989528795811518
626,10,10,40,47,23,5,4,8,0,177,1,32,10,7,374,0.4605911330049261
627,14,5,29,61,6,3,0,14,0,236,7,34,11,14,434,0.4626865671641791
628,5,6,36,44,8,4,3,7,0,212,0,47,10,8,390,0.4477611940298507
629,8,14,48,53,15,5,1,3,1,262,0,52,11,11,484,0.5165421558164355
630,6,9,38,37,7,6,1,18,0,234,1,35,10,3,405,0.4406964091403699
631,2,2,9,24,4,0,1,5,3,177,0,13,6,3,249,0.3378561736770692
632,14,30,58,94,7,7,4,6,1,201,3,82,26,10,543,0.5490394337714863
633,4,2,17,21,12,8,2,8,1,237,0,27,8,11,358,0.4572158365261813
634,13,19,27,38,21,3,2,7,0,253,2,37,10,6,438,0.4760869565217391
635,9,13,22,32,7,2,0,8,0,251,0,41,18,12,415,0.3846153846153846
636,6,5,48,27,6,3,6,6,0,266,0,41,7,0,421,0.4497863247863248
637,13,21,36,41,13,2,5,10,0,235,2,78,17,11,484,0.4745098039215686
638,5,5,34,27,8,4,4,13,1,207,1,27,10,5,351,0.4105263157894737
639,23,26,34,53,10,5,4,13,0,184,5,58,13,6,434,0.4221789883268482
640,7,9,13,30,11,1,3,7,1,228,1,21,3,6,341,0.4639455782312925
641,9,5,23,42,10,3,2,13,0,247,0,25,8,12,399,0.4217758985200845
642,10,21,29,51,5,5,3,5,1,187,0,60,18,9,404,0.4950980392156863
643,3,5,16,13,8,5,2,7,1,276,0,15,6,2,359,0.4074914869466515
644,5,4,18,24,20,4,2,5,1,236,0,18,3,14,354,0.375
645,9,9,19,47,17,1,4,2,1,228,0,32,8,12,389,0.3973442288049029
646,13,7,16,37,5,0,6,3,0,217,0,49,12,4,369,0.4483596597812879
647,5,17,25,33,6,2,1,3,0,233,0,49,5,3,382,0.40552016985138
648,10,24,24,39,13,5,3,3,0,229,1,88,13,11,463,0.4748717948717949
649,9,15,24,71,6,4,3,12,1,172,1,45,7,3,373,0.4467065868263473
650,4,9,17,26,5,6,2,8,2,186,1,30,11,4,311,0.4002574002574002
651,5,29,27,33,16,5,2,5,0,264,1,48,9,6,450,0.4155124653739612
652,6,13,17,30,1,1,3,10,1,160,3,38,15,3,301,0.4762658227848101
653,9,12,9,33,18,1,2,29,1,310,1,44,8,2,479,0.4451672862453532
654,12,16,47,52,14,6,6,12,0,184,2,32,12,7,402,0.4383860414394765
655,9,8,14,25,9,6,3,5,1,235,0,25,2,2,344,0.3784378437843784
656,13,41,63,40,10,11,5,9,2,213,0,39,15,21,482,0.4648023143683703
657,10,7,19,33,6,1,0,4,0,122,0,26,7,4,239,0.466796875
658,10,19,132,33,7,8,1,7,0,129,2,98,6,1,453,0.5194954128440367
659,16,4,13,18,10,6,2,10,0,207,0,72,10,8,376,0.4876783398184176
660,15,18,31,39,8,2,2,5,0,215,1,31,18,3,388,0.4203683640303358
661,11,24,40,57,1,6,3,15,0,248,0,88,17,8,518,0.5004830917874397
662,8,4,22,24,16,0,0,10,0,243,4,38,3,10,382,0.4046610169491525
663,5,9,15,15,10,5,3,4,0,285,0,33,16,1,401,0.4030150753768844
664,8,14,29,55,12,2,1,7,1,202,2,26,12,7,378,0.4655172413793103
665,13,11,50,63,9,12,1,11,0,225,4,58,16,5,478,0.4622823984526112
666,15,16,87,49,5,4,3,11,1,200,1,81,16,10,499,0.4985014985014985
667,4,10,24,32,8,3,4,33,0,124,3,27,9,2,283,0.4624183006535948
668,12,11,26,42,9,5,6,10,0,281,0,58,21,9,490,0.4832347140039448
669,16,30,19,68,8,2,3,8,0,194,1,140,14,11,514,0.5509110396570204
670,10,16,29,49,10,5,3,7,0,250,0,56,18,5,458,0.4382775119617225
671,8,15,14,25,5,3,0,11,1,217,1,33,3,6,342,0.3396226415094339
672,8,5,25,15,11,8,3,1,2,214,0,13,6,1,312,0.3383947939262473
673,12,9,30,33,17,5,4,8,0,216,0,61,8,5,408,0.4387096774193548
674,22,25,13,46,6,4,5,7,0,209,0,129,17,5,488,0.6069651741293532
675,3,3,8,31,2,9,1,3,0,90,0,17,3,2,172,0.4164648910411622
676,13,24,50,44,12,6,1,11,0,285,0,28,13,16,503,0.4373913043478261
677,17,31,12,34,10,2,3,1,0,215,0,112,19,9,465,0.5400696864111498
678,8,6,45,23,11,3,2,2,0,252,1,5,6,3,367,0.3867228661749209
679,25,27,29,38,5,10,2,10,0,267,9,103,23,9,557,0.5402521823472357
680,7,9,27,21,12,1,1,5,0,193,1,14,9,1,301,0.3753117206982543
681,1,2,35,15,8,1,1,5,0,163,1,8,7,4,251,0.375186846038864
682,7,2,14,17,2,1,2,3,2,172,0,16,3,1,242,0.3666666666666666
683,3,5,39,16,5,9,5,3,1,225,2,30,4,1,348,0.3786724700761698
684,6,25,39,23,15,7,2,10,0,269,0,36,2,10,444,0.4289855072463768
685,10,4,25,45,9,3,4,8,4,188,1,53,8,5,367,0.4343195266272189
686,5,12,38,53,12,11,2,11,5,203,3,53,13,2,423,0.4001892147587512
687,2,6,38,40,7,5,1,13,0,184,0,30,7,5,338,0.3603411513859275
688,15,8,77,71,4,3,3,12,4,208,1,42,8,1,457,0.4037102473498233
689,4,11,47,47,6,4,3,9,6,166,0,29,10,4,346,0.3604166666666666
690,8,11,54,56,6,0,2,10,0,114,0,33,13,10,317,0.3372340425531915
691,7,8,24,39,14,1,2,9,1,195,0,22,7,4,333,0.3264705882352941
692,12,12,34,39,12,1,0,9,0,220,1,23,1,6,370,0.3659742828882295
693,14,7,12,45,11,5,0,6,1,173,1,37,6,6,324,0.4512534818941504
694,3,6,30,25,13,7,0,8,5,234,1,38,12,4,386,0.3493212669683257
695,8,7,11,34,7,3,2,7,0,151,0,38,11,0,279,0.4894736842105263
696,6,10,47,50,14,4,2,14,0,209,3,50,11,7,427,0.3899543378995433
697,9,11,28,44,18,5,1,4,3,176,0,50,11,4,364,0.4227642276422764
698,3,7,20,31,17,0,1,8,2,171,2,15,2,5,284,0.2874493927125506
699,9,9,23,38,7,5,3,3,1,176,2,50,9,5,340,0.4171779141104294
700,5,17,39,59,24,7,1,4,2,212,0,22,5,5,402,0.4152892561983471
701,10,11,55,69,12,6,3,11,0,210,3,47,6,2,445,0.433300876338851
702,17,12,18,46,9,2,3,12,2,209,5,65,14,3,417,0.4426751592356688
703,6,10,17,37,7,3,0,6,1,170,0,35,12,5,309,0.3705035971223021
704,12,11,24,54,12,3,5,15,0,169,0,43,7,1,356,0.3912087912087912
705,9,8,37,80,13,1,3,10,32,166,1,43,1,9,413,0.4240246406570842
706,11,6,16,18,8,7,2,7,6,212,0,56,14,3,366,0.386892177589852
707,7,13,28,69,13,2,2,13,4,194,4,60,19,10,438,0.4684491978609625
708,16,22,31,57,11,6,3,12,6,165,1,69,13,10,422,0.4442105263157895
709,11,15,20,61,9,9,1,11,2,174,0,72,10,4,399,0.435589519650655
710,17,11,35,65,12,3,5,11,7,205,3,49,5,3,431,0.4532071503680336
711,11,6,29,30,12,9,3,8,3,216,3,56,6,4,396,0.3676880222841225
712,12,12,31,51,13,3,1,4,10,194,0,44,10,5,390,0.3915662650602409
713,10,4,21,31,12,7,2,7,5,146,3,60,11,3,322,0.4281914893617021
714,4,6,25,32,7,4,0,7,6,228,1,30,11,2,363,0.3837209302325581
715,9,14,28,54,3,0,3,5,3,145,2,45,5,5,321,0.4320323014804845
716,6,13,51,63,9,9,1,5,27,166,2,39,4,10,405,0.4480088495575221
717,16,17,31,55,9,5,3,9,0,205,1,51,15,1,418,0.4282786885245901
718,13,13,41,46,10,8,3,15,5,237,1,46,19,9,466,0.469758064516129
719,13,14,38,53,18,6,3,10,20,202,1,32,10,2,422,0.4026717557251908
720,6,14,28,59,8,4,6,6,1,199,1,53,16,4,405,0.4555680539932508
721,12,7,16,38,11,7,5,4,4,150,0,20,14,6,294,0.3989145183175034
722,7,3,24,55,7,2,0,8,2,141,1,42,7,0,299,0.4051490514905149
723,13,8,36,52,9,7,1,22,2,212,5,58,9,5,439,0.4237451737451737
724,10,12,23,37,6,4,1,4,5,194,0,25,8,3,332,0.3454734651404786
725,9,11,26,43,9,4,2,11,3,210,6,43,4,5,386,0.4366515837104072
726,10,14,28,64,15,5,0,9,4,219,0,73,12,3,456,0.4851063829787234
727,7,10,24,33,10,3,4,6,2,289,0,28,6,2,424,0.3915050784856879
728,16,8,24,37,9,4,2,4,1,256,1,37,2,2,403,0.3935546875
729,3,3,29,37,11,4,6,8,0,236,0,27,6,3,373,0.4656679151061174
730,4,4,17,39,9,8,2,5,0,184,0,26,16,10,324,0.3946406820950061
731,4,7,15,24,4,0,0,3,0,192,0,16,3,1,269,0.4157650695517774
732,6,5,22,35,9,2,4,7,0,222,0,17,15,3,347,0.413095238095238
733,17,12,33,58,7,6,8,9,0,215,0,54,7,2,428,0.4495798319327731
734,13,14,36,48,18,8,5,5,0,276,5,33,9,13,483,0.4964028776978417
735,19,29,30,74,0,0,1,5,1,191,6,42,13,7,418,0.4322647362978283
736,15,15,24,50,8,4,5,6,1,200,3,42,8,13,394,0.4729891956782713
737,4,11,26,39,5,2,2,10,0,159,0,35,7,3,303,0.420249653259362
738,5,13,35,39,9,2,0,8,0,257,0,21,6,6,401,0.4042338709677419
739,4,8,26,39,9,8,0,14,0,218,0,31,5,6,368,0.4139482564679415
740,8,5,31,44,6,5,3,5,0,187,0,28,2,4,328,0.346723044397463
741,6,2,21,32,7,4,2,1,0,252,1,18,3,0,349,0.3700954400848356
742,19,14,22,34,15,7,2,6,0,245,0,70,10,8,452,0.4783068783068783
743,5,0,17,16,11,5,4,4,1,231,0,26,2,1,323,0.3436170212765957
744,7,7,17,32,1,5,1,12,0,214,2,19,5,5,327,0.3968446601941747
745,5,4,10,31,8,0,1,2,0,197,0,19,8,2,287,0.4422187981510015
746,9,5,36,38,11,3,1,15,0,284,0,44,4,8,458,0.4049513704686118
747,21,18,41,66,16,3,2,16,0,223,5,64,9,8,492,0.574095682613769
748,17,9,47,32,7,4,4,2,0,220,1,62,16,8,429,0.448744769874477
749,12,8,18,46,10,2,4,5,0,258,0,29,4,7,403,0.4409190371991247
750,9,9,30,34,17,7,1,5,0,262,0,46,9,10,439,0.481359649122807
751,8,11,48,49,8,2,1,5,1,132,1,37,11,3,317,0.4738415545590433
752,10,13,34,48,6,2,4,7,0,206,0,46,19,7,402,0.4950738916256157
753,13,21,26,54,5,3,4,7,0,189,3,41,5,5,376,0.49933598937583
754,12,10,16,35,3,5,2,12,0,181,1,38,5,5,325,0.404228855721393
755,4,2,18,22,2,1,1,5,0,258,0,21,9,4,347,0.4016203703703703
756,5,8,25,54,8,7,3,6,0,177,0,56,11,3,363,0.4394673123486682
757,5,12,11,28,4,8,2,5,0,203,0,31,3,1,313,0.3902743142144638
758,12,12,16,58,10,2,1,7,0,218,0,20,12,3,371,0.4732142857142857
759,6,4,38,38,14,4,1,9,1,264,0,16,13,4,412,0.3976833976833976
760,9,4,11,20,11,2,2,4,0,161,0,22,3,2,251,0.383206106870229
761,7,6,14,24,2,1,6,8,0,237,0,38,11,4,358,0.4572158365261813
762,5,7,19,31,3,2,0,4,0,223,0,23,6,0,323,0.4261213720316623
763,6,13,33,58,6,4,0,5,2,203,2,47,2,7,388,0.4778325123152709
764,2,3,28,36,10,3,1,6,0,228,1,18,6,1,343,0.3969907407407407
765,18,47,56,48,14,6,5,13,0,228,3,71,21,7,537,0.521865889212828
766,11,32,36,87,18,4,7,9,0,243,2,59,15,6,529,0.4893617021276595
767,16,27,48,54,7,2,6,14,0,223,0,58,20,8,483,0.4878787878787878
768,14,52,40,71,15,19,6,16,0,223,0,9,16,68,549,0.481156879929886
769,11,50,21,52,22,4,5,9,0,246,0,60,36,4,520,0.488262910798122
770,14,35,99,68,13,8,4,15,1,185,1,76,19,11,549,0.5036697247706422
771,11,27,26,52,3,1,2,11,0,183,0,47,21,11,395,0.5051150895140665
772,10,23,58,47,12,8,6,10,0,233,1,70,19,9,506,0.4720149253731343
773,8,16,22,57,5,8,0,11,0,175,0,32,10,3,347,0.4571805006587615
774,8,35,10,39,5,3,2,7,0,128,1,61,16,10,325,0.4458161865569273
775,14,24,73,78,13,12,12,15,1,193,2,56,17,5,515,0.4759704251386321
776,19,27,81,72,8,3,4,18,1,225,2,45,10,10,525,0.5223880597014925
777,22,36,25,67,12,3,3,10,1,216,0,69,20,5,489,0.4710982658959537
778,16,22,30,61,20,8,8,11,2,190,2,96,13,14,493,0.5156903765690377
779,12,34,19,39,4,3,7,12,0,122,0,33,10,4,299,0.4814814814814814
780,3,23,21,36,31,2,0,7,0,156,3,29,16,7,334,0.4868804664723032
781,13,22,54,63,9,2,1,14,0,243,0,56,14,4,495,0.4745925215723873
782,5,26,37,60,19,6,7,8,1,265,0,37,8,2,481,0.4554924242424242
783,6,13,54,75,12,4,5,10,5,221,2,37,5,9,458,0.4167424931756142
784,6,16,21,70,8,5,2,3,24,193,2,47,18,11,426,0.4650655021834061
785,15,10,25,44,14,7,5,8,1,220,0,44,30,6,429,0.5107142857142857
786,16,19,21,40,9,6,6,14,3,190,1,76,20,8,429,0.4492146596858639
787,13,9,13,41,7,2,1,9,4,147,1,60,22,25,354,0.5619047619047619
788,12,2,36,29,12,2,2,9,3,233,3,32,12,7,394,0.4020408163265306
789,6,7,22,29,11,4,1,14,3,223,2,61,10,13,406,0.4393939393939394
790,5,7,20,19,14,5,0,3,0,193,1,20,6,5,298,0.3300110741971207
791,7,7,25,28,12,4,2,4,3,232,0,40,9,19,392,0.4197002141327623
792,5,6,14,23,12,3,2,10,1,238,1,22,3,17,357,0.4117647058823529
793,6,4,20,29,8,6,2,6,3,148,0,42,9,24,307,0.4087882822902796
794,16,20,28,41,6,2,8,9,0,177,0,68,20,6,401,0.4706572769953052
795,16,20,28,52,15,6,0,7,1,177,3,61,21,12,419,0.4745186862967157
796,23,12,17,74,11,8,2,12,0,155,1,88,12,16,431,0.5490445859872611
797,9,10,23,42,18,7,3,4,3,224,0,35,14,8,400,0.3868471953578336
798,12,16,23,26,8,2,2,11,2,167,0,34,18,7,328,0.4361702127659574
799,5,12,23,50,16,2,2,13,14,216,0,63,9,7,432,0.4690553745928338
800,19,11,13,38,21,6,0,6,5,191,3,79,17,18,427,0.5144578313253012
801,11,29,23,66,6,4,5,18,3,198,1,67,24,7,462,0.4973089343379978
802,19,26,23,49,12,10,0,6,4,164,4,95,14,9,435,0.5317848410757946
803,22,20,17,43,7,7,4,10,1,169,0,90,20,14,424,0.6198830409356725
804,3,5,19,23,7,1,1,6,2,195,2,17,4,49,334,0.4217171717171717
805,2,6,23,21,10,0,1,7,6,200,0,29,9,20,334,0.4304123711340206
806,18,22,34,77,9,7,8,4,4,182,1,89,25,18,498,0.5620767494356659
807,21,34,27,52,12,8,4,12,4,216,2,92,21,11,516,0.5414480587618048
808,16,61,32,70,15,6,1,4,11,118,0,107,21,10,472,0.6210526315789474
809,15,36,26,79,12,2,5,6,4,186,0,102,22,14,509,0.5508658008658008
810,12,19,34,54,9,1,4,14,1,164,0,69,20,10,411,0.4807017543859649
811,22,19,33,49,12,10,2,15,4,177,4,69,15,11,442,0.4977477477477477
812,8,16,25,27,10,5,5,12,2,239,0,61,16,9,435,0.5028901734104047
813,22,21,34,52,19,6,5,12,2,192,1,85,21,11,483,0.4839679358717434
814,28,24,26,56,14,8,7,3,2,189,4,68,24,8,461,0.4782157676348548
815,4,23,27,43,8,2,1,4,3,131,3,65,24,12,350,0.4971590909090909
816,10,3,17,24,13,7,2,2,0,197,0,23,11,7,316,0.3607305936073059
817,12,11,23,35,12,7,2,7,1,168,2,33,28,8,349,0.4395465994962216
818,22,25,15,67,14,8,3,8,11,229,0,100,20,11,533,0.5383838383838384
819,11,9,23,33,16,6,4,9,7,260,1,33,11,8,431,0.4081439393939394
820,10,24,56,79,20,2,5,11,5,250,0,60,15,8,545,0.4844444444444444
821,7,8,22,21,9,1,0,2,0,132,3,31,6,4,246,0.3974151857835218
822,15,22,50,62,9,8,6,15,15,224,9,47,16,6,504,0.4714686623012161
823,3,8,5,40,8,1,1,11,2,207,0,30,17,11,344,0.5021897810218978
824,11,3,19,41,7,4,1,5,0,213,0,63,15,5,387,0.4170258620689655
825,3,6,23,51,12,4,2,7,0,293,1,42,9,3,456,0.4363636363636363
826,15,25,22,54,7,4,1,11,1,260,3,109,33,8,553,0.5845665961945031
827,2,8,28,31,8,2,2,9,0,233,0,32,7,1,363,0.3809024134312697
828,4,4,11,28,7,5,0,11,1,192,1,29,3,2,298,0.4099037138927097
829,4,3,16,35,11,5,2,6,0,254,3,29,2,3,373,0.4162946428571428
830,2,4,15,31,10,2,3,8,0,183,0,22,3,3,286,0.4028169014084507
831,5,5,26,20,26,5,2,10,0,282,0,20,3,2,406,0.4215991692627207
832,3,2,14,16,16,2,2,69,0,267,0,12,6,3,412,0.4406417112299465
833,10,7,17,13,8,3,1,9,0,251,0,29,15,4,367,0.4400479616306954
834,5,1,26,20,15,0,0,9,0,244,1,24,2,3,350,0.4278728606356968
835,5,4,27,24,14,2,1,17,0,179,0,16,3,5,297,0.3991935483870967
836,2,2,6,6,7,1,0,3,0,130,2,7,2,2,170,0.3483606557377049
837,5,7,32,28,14,2,2,14,0,249,2,14,9,2,380,0.385395537525355
838,4,6,11,23,6,3,5,6,0,252,0,25,14,5,360,0.4035874439461883
839,14,17,19,30,11,25,1,13,0,268,0,68,17,4,487,0.5357535753575358
840,15,13,16,34,14,6,6,7,3,309,1,56,16,5,501,0.4906953966699314
841,3,4,24,29,11,0,0,9,1,250,0,20,9,4,364,0.3922413793103448
842,11,12,14,20,9,3,0,4,0,245,0,32,5,16,371,0.4620174346201743
843,5,6,13,18,3,6,1,2,0,196,0,13,13,6,282,0.4221556886227545
844,11,3,25,26,8,1,1,1,0,257,1,36,15,4,389,0.4365881032547699
845,2,1,28,15,12,1,2,9,0,279,0,10,1,1,361,0.4139908256880734
846,0,3,17,19,8,2,2,4,2,184,0,11,7,7,266,0.3312577833125778
847,1,1,12,17,10,1,0,4,0,194,0,8,2,4,254,0.3877862595419847
848,8,23,23,48,6,9,5,8,3,223,5,97,23,8,489,0.4969512195121951
849,7,1,20,20,10,1,0,8,0,262,0,22,5,1,357,0.3620689655172414
850,7,5,21,19,11,8,2,4,0,289,0,37,8,3,414,0.3969319271332694
851,7,1,13,26,13,4,1,15,0,240,0,16,2,12,350,0.3977272727272727
852,6,4,23,23,12,1,4,2,1,326,2,21,8,4,437,0.3979963570127504
853,10,5,30,10,8,1,3,4,0,231,0,15,7,2,326,0.3168124392614188
854,2,14,19,14,5,10,2,4,0,303,0,32,12,0,417,0.440337909186906
855,10,8,53,30,6,2,3,3,1,259,0,17,8,8,408,0.3550913838120104
856,17,30,22,66,11,8,6,11,0,186,1,92,33,5,488,0.5558086560364465
857,9,31,36,36,6,3,2,8,0,131,0,28,13,3,306,0.5117056856187291
858,9,6,19,16,7,0,0,6,0,228,0,31,11,4,337,0.4365284974093264
859,9,15,66,46,4,0,2,14,0,221,0,34,5,3,419,0.4266802443991853
860,7,12,53,47,11,4,2,3,3,253,1,37,10,9,452,0.4064748201438849
861,11,22,45,52,27,6,5,11,1,243,1,62,16,4,506,0.4693877551020408
862,14,9,31,53,19,11,5,10,0,207,3,43,4,6,415,0.3982725527831094
863,12,12,26,67,5,5,4,8,0,130,2,34,5,10,320,0.3975155279503105
864,8,14,21,36,10,9,2,4,1,167,2,57,18,2,351,0.4642857142857143
865,3,4,60,53,8,3,0,12,0,125,3,15,4,6,296,0.4163150492264416
866,10,16,42,75,8,5,4,3,1,259,2,69,11,5,510,0.4513274336283185
867,8,15,38,25,11,4,1,8,0,185,0,35,3,11,344,0.4310776942355889
868,12,6,32,35,6,6,4,9,1,215,0,20,0,4,350,0.3586065573770491
869,5,8,15,13,9,2,0,1,0,200,4,26,2,2,287,0.3660714285714285
870,1,1,6,4,1,0,0,0,0,11,1,7,2,0,34,
871,0,1,3,3,1,0,0,0,0,19,1,8,0,0,36,
872,1,2,2,5,2,0,1,0,0,15,1,14,2,1,46,
873,0,2,0,3,0,0,1,0,0,12,0,4,0,0,22,
874,0,0,3,6,1,1,0,2,0,12,0,8,0,1,34,
875,0,1,1,8,1,0,0,1,0,10,0,6,1,0,29,
876,0,5,4,6,2,0,0,1,0,20,0,11,3,2,54,
877,0,1,0,4,0,0,1,0,0,3,0,2,1,0,12,
878,0,1,2,4,0,0,0,0,0,3,0,3,1,0,14,
879,1,1,0,7,1,1,1,0,0,5,1,2,0,0,20,
880,1,2,3,4,0,0,0,0,0,8,0,6,0,0,24,
881,0,0,0,2,0,0,0,0,0,4,0,0,0,0,6,
882,1,0,4,4,0,0,0,0,0,6,0,3,0,0,18,
883,0,2,0,2,3,0,0,0,0,3,0,0,0,0,10,
884,0,1,3,4,1,1,0,0,0,24,0,1,0,1,36,
