elettori,votanti,affluenza,schede_nulle,schede_bianche,schede_contestate,aggiornamento,sezione,si,no
737,495,67.16,0,0,0,23/03/2026 - 15:31,1,234,261
840,520,61.9,1,0,0,23/03/2026 - 16:18,2,215,304
936,601,64.21,3,0,0,23/03/2026 - 15:47,3,293,305
647,272,42.04,1,0,0,23/03/2026 - 16:07,4,118,153
760,530,69.74,1,0,0,23/03/2026 - 16:36,5,188,341
785,377,48.03,0,0,0,23/03/2026 - 15:32,6,110,267
727,401,55.16,3,0,0,23/03/2026 - 15:27,7,107,291
797,293,36.76,0,0,0,23/03/2026 - 15:37,8,88,205
930,385,41.4,0,1,0,23/03/2026 - 16:18,9,67,317
803,311,38.73,1,1,0,23/03/2026 - 15:27,10,56,253
669,285,42.6,0,0,0,23/03/2026 - 15:27,11,66,219
752,399,53.06,0,0,0,23/03/2026 - 16:08,13,83,316
659,429,65.1,3,0,0,23/03/2026 - 15:47,14,110,316
843,375,44.48,2,0,0,23/03/2026 - 16:47,15,105,268
835,429,51.38,0,1,1,23/03/2026 - 17:24,16,135,292
637,344,54.0,1,1,0,23/03/2026 - 16:44,17,137,205
682,438,64.22,2,0,0,23/03/2026 - 16:32,18,147,289
765,518,67.71,0,1,0,23/03/2026 - 16:18,19,213,304
865,595,68.79,2,0,0,23/03/2026 - 16:18,20,263,330
909,635,69.86,0,0,0,23/03/2026 - 16:18,21,264,371
762,543,71.26,0,0,0,23/03/2026 - 16:08,22,301,242
997,726,72.82,2,0,0,23/03/2026 - 16:18,23,369,355
732,420,57.38,3,0,0,23/03/2026 - 15:47,24,135,282
897,476,53.07,3,0,0,23/03/2026 - 16:18,25,182,291
906,550,60.71,0,0,0,23/03/2026 - 15:47,26,192,358
911,672,73.77,2,0,0,23/03/2026 - 16:19,27,293,377
710,483,68.03,4,0,0,23/03/2026 - 16:37,28,202,277
678,456,67.26,0,0,0,23/03/2026 - 17:05,29,214,242
763,401,52.56,0,0,0,23/03/2026 - 16:18,30,181,220
805,542,67.33,1,0,0,23/03/2026 - 15:56,31,249,292
915,645,70.49,3,1,0,23/03/2026 - 16:31,32,236,405
810,519,64.07,0,0,0,23/03/2026 - 17:06,33,145,374
861,538,62.49,2,1,0,23/03/2026 - 15:42,34,232,303
820,549,66.95,0,1,0,23/03/2026 - 17:06,35,304,244
813,508,62.48,0,0,0,23/03/2026 - 15:56,36,165,343
777,549,70.66,1,0,0,23/03/2026 - 16:18,37,195,353
861,617,71.66,2,0,0,23/03/2026 - 16:18,38,257,358
967,698,72.18,2,0,0,23/03/2026 - 15:57,39,210,486
757,482,63.67,1,0,0,23/03/2026 - 17:06,40,183,298
790,540,68.35,1,0,0,23/03/2026 - 17:06,41,167,372
880,516,58.64,1,1,0,23/03/2026 - 16:24,42,185,329
706,516,73.09,0,0,0,23/03/2026 - 16:54,43,211,305
761,468,61.5,0,0,0,23/03/2026 - 16:44,44,190,278
748,371,49.6,0,1,0,23/03/2026 - 16:08,45,82,288
821,496,60.41,5,0,0,23/03/2026 - 17:06,46,120,371
824,430,52.18,0,0,0,23/03/2026 - 16:24,47,90,340
753,431,57.24,1,0,0,23/03/2026 - 15:37,48,113,317
696,333,47.84,0,0,0,23/03/2026 - 16:24,49,84,249
846,546,64.54,1,0,0,23/03/2026 - 16:37,50,212,333
861,613,71.2,1,0,0,23/03/2026 - 16:37,51,310,302
616,395,64.12,0,0,0,23/03/2026 - 17:24,52,229,166
840,589,70.12,4,1,0,23/03/2026 - 16:02,53,209,375
674,453,67.21,1,1,0,23/03/2026 - 16:18,54,160,291
929,607,65.34,0,0,0,23/03/2026 - 15:57,55,143,464
748,489,65.37,2,0,0,23/03/2026 - 15:43,56,92,395
703,465,66.15,1,0,0,23/03/2026 - 15:32,57,168,296
773,445,57.57,1,0,0,23/03/2026 - 15:33,58,142,302
752,476,63.3,1,0,0,23/03/2026 - 15:43,59,168,307
665,334,50.23,0,0,0,23/03/2026 - 15:37,60,64,270
736,290,39.4,0,0,0,23/03/2026 - 16:08,61,71,219
705,297,42.13,4,0,0,23/03/2026 - 15:44,62,70,223
622,266,42.77,2,0,0,23/03/2026 - 16:02,63,56,208
817,274,33.54,0,0,0,23/03/2026 - 16:02,64,46,228
906,357,39.4,0,0,0,23/03/2026 - 16:02,65,69,288
674,157,23.29,0,0,0,23/03/2026 - 15:21,66,20,137
727,267,36.73,0,0,0,23/03/2026 - 16:02,67,42,225
775,302,38.97,2,0,0,23/03/2026 - 16:18,68,60,240
871,345,39.61,0,1,0,23/03/2026 - 15:32,69,77,267
911,328,36.0,2,1,0,23/03/2026 - 15:58,70,57,268
870,392,45.06,0,0,0,23/03/2026 - 15:58,71,80,312
868,340,39.17,0,1,0,23/03/2026 - 16:08,72,71,268
853,302,35.4,2,0,0,23/03/2026 - 15:45,73,46,254
925,354,38.27,1,1,0,23/03/2026 - 16:08,74,62,290
276,155,56.16,1,0,0,23/03/2026 - 15:47,75,32,122
800,471,58.88,1,0,0,23/03/2026 - 16:09,76,108,362
788,359,45.56,0,0,0,23/03/2026 - 15:59,77,68,291
494,317,64.17,1,1,0,23/03/2026 - 16:31,78,87,228
694,269,38.76,0,0,0,23/03/2026 - 15:19,79,82,187
393,169,43.0,0,1,0,23/03/2026 - 15:37,80,30,138
526,367,69.77,0,0,0,23/03/2026 - 16:18,81,103,264
724,334,46.13,2,0,0,23/03/2026 - 16:31,82,77,255
966,374,38.72,1,0,0,23/03/2026 - 16:26,83,57,316
591,300,50.76,1,0,0,23/03/2026 - 15:47,84,57,242
955,398,41.68,1,1,0,23/03/2026 - 16:18,85,68,328
867,441,50.87,0,0,0,23/03/2026 - 15:47,86,87,354
1009,630,62.44,1,1,0,23/03/2026 - 16:18,87,112,516
994,627,63.08,2,1,0,23/03/2026 - 16:31,88,115,509
730,345,47.26,2,0,0,23/03/2026 - 16:09,89,44,299
655,320,48.85,0,0,0,23/03/2026 - 15:47,90,61,259
630,283,44.92,1,0,0,23/03/2026 - 15:45,91,37,245
585,242,41.37,0,1,0,23/03/2026 - 15:19,92,31,210
772,456,59.07,2,2,0,23/03/2026 - 16:09,93,117,335
791,395,49.94,1,0,0,23/03/2026 - 16:37,94,74,320
872,504,57.8,1,0,0,23/03/2026 - 16:24,95,112,391
818,408,49.88,2,0,0,23/03/2026 - 16:02,96,89,317
752,415,55.19,1,2,0,23/03/2026 - 16:19,97,106,306
1098,652,59.38,0,0,0,23/03/2026 - 15:59,98,122,530
941,638,67.8,2,1,0,23/03/2026 - 16:37,99,146,489
780,413,52.95,1,0,0,23/03/2026 - 16:09,100,96,316
869,491,56.5,1,0,0,23/03/2026 - 16:01,101,87,403
915,508,55.52,2,1,0,23/03/2026 - 16:18,102,86,419
836,518,61.96,0,1,0,23/03/2026 - 16:02,103,122,395
857,484,56.48,2,0,0,23/03/2026 - 15:46,104,92,390
864,515,59.61,0,0,0,23/03/2026 - 16:01,105,101,414
893,495,55.43,0,0,0,23/03/2026 - 16:02,106,95,400
996,500,50.2,0,0,0,23/03/2026 - 15:33,107,87,413
859,550,64.03,1,0,0,23/03/2026 - 16:52,108,122,427
842,270,32.07,1,1,0,23/03/2026 - 16:40,132,40,228
913,314,34.39,2,0,0,23/03/2026 - 16:08,167,57,255
955,604,63.25,3,1,0,23/03/2026 - 16:20,172,94,506
765,461,60.26,2,1,0,23/03/2026 - 16:20,174,84,374
1118,713,63.77,3,0,0,23/03/2026 - 15:42,181,129,581
783,527,67.31,2,2,0,23/03/2026 - 15:48,186,149,374
1006,702,69.78,3,1,0,23/03/2026 - 15:48,189,185,513
778,523,67.22,0,0,0,23/03/2026 - 15:48,190,150,373
724,387,53.45,3,0,0,23/03/2026 - 15:46,191,117,267
752,303,40.29,0,0,0,23/03/2026 - 16:32,192,55,248
764,346,45.29,0,0,0,23/03/2026 - 16:54,193,68,278
765,487,63.66,0,0,0,23/03/2026 - 15:48,194,117,370
907,575,63.4,0,2,0,23/03/2026 - 16:21,195,142,431
1019,516,50.64,1,0,0,23/03/2026 - 15:46,196,104,411
581,211,36.32,0,0,0,23/03/2026 - 16:32,197,42,169
830,551,66.39,4,0,0,23/03/2026 - 15:54,198,97,450
843,556,65.95,0,1,0,23/03/2026 - 15:55,199,145,410
880,556,63.18,0,0,0,23/03/2026 - 16:08,200,173,383
740,337,45.54,1,2,0,23/03/2026 - 15:55,201,100,234
624,319,51.12,2,0,0,23/03/2026 - 15:32,202,81,236
738,362,49.05,2,0,0,23/03/2026 - 16:08,203,75,285
1029,502,48.79,3,2,0,23/03/2026 - 16:32,204,156,341
933,455,48.77,1,0,0,23/03/2026 - 15:32,205,142,312
853,403,47.25,2,0,0,23/03/2026 - 16:22,206,102,299
884,448,50.68,0,0,0,23/03/2026 - 16:32,207,134,314
839,461,54.95,2,0,0,23/03/2026 - 15:32,208,118,341
1021,465,45.54,1,0,0,23/03/2026 - 15:32,209,95,369
944,489,51.8,4,0,0,23/03/2026 - 16:32,210,139,346
900,435,48.33,0,1,0,23/03/2026 - 16:32,211,122,312
834,394,47.24,1,0,0,23/03/2026 - 15:48,212,119,274
778,365,46.92,2,0,0,23/03/2026 - 15:38,213,84,279
493,142,28.8,1,0,0,23/03/2026 - 15:38,214,41,100
708,192,27.12,0,0,0,23/03/2026 - 15:55,215,62,130
622,247,39.71,0,0,0,23/03/2026 - 15:18,216,108,139
608,249,40.95,2,0,0,23/03/2026 - 15:56,217,62,185
575,261,45.39,2,2,0,23/03/2026 - 15:32,218,77,180
613,238,38.83,2,0,0,23/03/2026 - 16:22,219,68,168
710,301,42.39,0,0,0,23/03/2026 - 15:32,220,69,232
711,318,44.73,1,1,0,23/03/2026 - 15:56,221,84,232
709,272,38.36,0,0,0,23/03/2026 - 15:21,222,56,216
659,193,29.29,0,0,0,23/03/2026 - 15:32,223,55,138
842,291,34.56,3,0,0,23/03/2026 - 15:57,224,66,222
957,403,42.11,3,1,0,23/03/2026 - 16:03,225,78,321
522,148,28.35,2,0,0,23/03/2026 - 15:23,226,24,122
740,225,30.41,0,0,0,23/03/2026 - 15:48,227,51,174
728,280,38.46,2,0,0,23/03/2026 - 15:58,228,74,204
787,304,38.63,1,0,0,23/03/2026 - 15:47,229,61,242
827,359,43.41,1,0,0,23/03/2026 - 15:25,230,100,258
944,382,40.47,1,2,0,23/03/2026 - 15:43,231,81,298
824,331,40.17,1,0,0,23/03/2026 - 16:03,232,73,257
779,408,52.37,4,0,0,23/03/2026 - 16:03,233,121,283
1057,424,40.11,1,0,0,23/03/2026 - 15:44,234,114,309
58,36,62.07,2,0,0,23/03/2026 - 15:48,235,8,26
980,452,46.12,1,1,0,23/03/2026 - 15:48,236,74,376
907,510,56.23,0,0,0,23/03/2026 - 15:38,237,125,385
567,154,27.16,0,0,0,23/03/2026 - 15:18,238,30,124
773,297,38.42,1,0,0,23/03/2026 - 16:03,239,71,225
753,314,41.7,2,0,0,23/03/2026 - 16:03,240,72,240
757,411,54.29,0,0,0,23/03/2026 - 16:08,241,95,316
622,333,53.54,1,2,0,23/03/2026 - 16:32,242,84,246
627,349,55.66,0,0,0,23/03/2026 - 16:24,243,77,272
758,483,63.72,0,1,0,23/03/2026 - 15:48,244,119,363
626,223,35.62,0,0,0,23/03/2026 - 15:48,245,44,179
700,335,47.86,0,0,0,23/03/2026 - 15:58,246,67,268
584,289,49.49,2,3,0,23/03/2026 - 17:06,247,46,238
692,273,39.45,0,0,0,23/03/2026 - 15:47,248,60,213
664,332,50.0,0,0,0,23/03/2026 - 16:22,249,56,276
714,265,37.11,0,0,0,23/03/2026 - 15:48,250,48,217
620,131,21.13,0,0,0,23/03/2026 - 15:59,251,24,107
850,294,34.59,2,1,0,23/03/2026 - 15:32,252,67,224
854,408,47.78,2,0,0,23/03/2026 - 16:03,253,95,311
686,254,37.03,2,0,0,23/03/2026 - 15:32,254,53,199
692,140,20.23,0,0,0,23/03/2026 - 16:32,255,19,121
868,377,43.43,0,0,0,23/03/2026 - 15:18,256,69,308
753,264,35.06,1,0,0,23/03/2026 - 15:32,257,55,208
591,220,37.23,2,0,0,23/03/2026 - 15:23,258,64,154
674,306,45.4,2,0,0,23/03/2026 - 15:42,259,68,236
912,471,51.64,0,1,0,23/03/2026 - 15:43,260,105,365
1139,490,43.02,1,0,0,23/03/2026 - 16:08,261,125,364
978,243,24.85,0,0,0,23/03/2026 - 16:05,262,53,190
724,317,43.78,2,2,0,23/03/2026 - 16:38,263,81,232
568,238,41.9,3,0,0,23/03/2026 - 15:44,264,41,194
765,446,58.3,6,0,0,23/03/2026 - 15:44,265,140,300
1086,485,44.66,3,0,0,23/03/2026 - 15:32,266,116,366
462,192,41.56,0,0,0,23/03/2026 - 15:21,267,37,155
1040,424,40.77,0,1,0,23/03/2026 - 15:48,268,89,334
958,346,36.12,0,1,0,23/03/2026 - 16:38,269,70,275
848,425,50.12,0,0,0,23/03/2026 - 16:08,270,100,325
666,295,44.29,3,0,0,23/03/2026 - 15:38,271,59,233
981,392,39.96,3,1,0,23/03/2026 - 15:45,272,89,299
1151,523,45.44,2,1,0,23/03/2026 - 16:06,273,135,385
720,376,52.22,0,1,0,23/03/2026 - 15:55,274,61,314
759,336,44.27,4,0,0,23/03/2026 - 15:38,275,70,262
884,442,50.0,1,1,0,23/03/2026 - 16:18,276,88,352
513,217,42.3,2,0,0,23/03/2026 - 15:48,277,49,166
682,308,45.16,2,0,0,23/03/2026 - 15:26,278,58,248
884,388,43.89,5,1,0,23/03/2026 - 15:46,279,97,285
927,364,39.27,2,0,0,23/03/2026 - 15:45,280,64,298
608,260,42.76,1,0,0,23/03/2026 - 15:46,281,68,191
814,291,35.75,0,0,0,23/03/2026 - 15:55,282,59,232
912,444,48.68,4,0,0,23/03/2026 - 16:18,283,116,324
772,434,56.22,1,0,0,23/03/2026 - 15:56,284,98,335
760,469,61.71,0,0,0,23/03/2026 - 16:32,285,124,345
780,489,62.69,1,0,0,23/03/2026 - 15:38,286,87,401
862,347,40.26,2,0,0,23/03/2026 - 15:48,287,67,278
938,301,32.09,0,0,0,23/03/2026 - 15:46,288,53,248
829,224,27.02,1,0,0,23/03/2026 - 15:48,289,33,190
778,268,34.45,3,0,0,23/03/2026 - 15:48,290,59,206
1064,365,34.3,0,1,0,23/03/2026 - 15:47,291,68,296
870,355,40.8,1,1,0,23/03/2026 - 15:47,292,59,294
725,259,35.72,1,0,0,23/03/2026 - 15:27,293,34,224
656,287,43.75,4,0,0,23/03/2026 - 15:48,294,30,253
906,277,30.57,1,0,0,23/03/2026 - 15:27,295,58,218
779,362,46.47,1,0,0,23/03/2026 - 15:48,296,74,287
879,276,31.4,0,0,0,23/03/2026 - 16:18,297,47,229
932,426,45.71,0,2,0,23/03/2026 - 15:38,298,88,336
1013,316,31.19,0,1,0,23/03/2026 - 15:48,299,50,265
749,267,35.65,3,0,0,23/03/2026 - 16:38,300,50,214
822,363,44.16,0,0,0,23/03/2026 - 16:09,301,45,318
602,284,47.18,2,0,0,23/03/2026 - 16:03,302,65,217
603,241,39.97,1,0,0,23/03/2026 - 15:56,303,45,195
806,348,43.18,0,0,0,23/03/2026 - 15:18,304,53,295
989,403,40.75,0,0,0,23/03/2026 - 15:48,305,75,328
719,258,35.88,0,0,0,23/03/2026 - 15:57,306,40,218
877,298,33.98,1,0,0,23/03/2026 - 15:58,307,86,211
727,371,51.03,0,0,0,23/03/2026 - 15:58,308,119,252
810,222,27.41,1,1,0,23/03/2026 - 15:59,309,66,154
735,220,29.93,1,0,0,23/03/2026 - 16:19,310,53,166
618,189,30.58,1,0,0,23/03/2026 - 16:32,311,56,132
555,135,24.32,0,0,0,23/03/2026 - 16:09,312,22,113
502,130,25.9,0,0,0,23/03/2026 - 15:59,313,29,101
614,178,28.99,1,0,0,23/03/2026 - 15:48,314,38,139
722,256,35.46,1,0,0,23/03/2026 - 16:03,315,199,56
1015,311,30.64,2,0,0,23/03/2026 - 16:24,316,101,208
711,232,32.63,0,0,0,23/03/2026 - 16:24,317,73,159
601,157,26.12,0,0,0,23/03/2026 - 15:21,318,24,133
914,206,22.54,2,0,0,23/03/2026 - 15:32,319,48,156
697,388,55.67,1,0,0,23/03/2026 - 16:00,320,103,284
960,358,37.29,0,0,0,23/03/2026 - 16:03,321,92,266
819,271,33.09,2,2,0,23/03/2026 - 15:32,322,63,204
708,250,35.31,0,0,0,23/03/2026 - 15:48,323,57,193
658,201,30.55,1,0,0,23/03/2026 - 16:01,324,56,144
972,505,51.95,4,1,0,23/03/2026 - 16:39,325,140,360
777,357,45.95,0,0,0,23/03/2026 - 16:02,326,79,278
675,274,40.59,0,0,0,23/03/2026 - 16:02,327,48,226
634,311,49.05,0,0,0,23/03/2026 - 16:03,328,68,243
576,193,33.51,1,0,0,23/03/2026 - 15:48,329,42,150
532,145,27.26,0,0,0,23/03/2026 - 16:02,330,25,120
590,294,49.83,0,0,0,23/03/2026 - 16:08,331,70,224
534,339,63.48,2,1,0,23/03/2026 - 16:08,332,236,100
788,465,59.01,2,0,0,23/03/2026 - 16:03,333,104,359
652,300,46.01,0,1,0,23/03/2026 - 16:03,334,64,235
811,411,50.68,2,0,0,23/03/2026 - 16:08,335,54,355
778,503,64.65,1,1,0,23/03/2026 - 15:38,336,175,326
835,517,61.92,0,0,0,23/03/2026 - 16:03,337,129,388
485,302,62.27,0,0,0,23/03/2026 - 15:38,338,95,207
992,665,67.04,0,0,0,23/03/2026 - 16:24,339,210,455
720,501,69.58,0,0,0,23/03/2026 - 16:03,340,202,299
887,607,68.43,2,2,0,23/03/2026 - 16:03,341,195,408
683,485,71.01,1,0,0,23/03/2026 - 15:32,342,157,327
822,606,73.72,1,0,0,23/03/2026 - 15:38,343,209,396
733,474,64.67,0,0,0,23/03/2026 - 15:49,344,125,349
876,643,73.4,0,2,0,23/03/2026 - 15:49,345,183,458
802,584,72.82,0,1,0,23/03/2026 - 15:48,346,163,420
748,516,68.98,1,0,0,23/03/2026 - 16:03,347,174,341
788,530,67.26,3,2,0,23/03/2026 - 17:24,348,186,339
872,624,71.56,3,1,0,23/03/2026 - 16:41,349,177,443
753,507,67.33,3,0,0,23/03/2026 - 16:41,350,126,378
855,599,70.06,2,0,0,23/03/2026 - 16:39,351,182,415
717,474,66.11,1,0,0,23/03/2026 - 16:32,352,139,334
795,535,67.3,2,1,0,23/03/2026 - 17:06,353,185,347
705,462,65.53,0,1,0,23/03/2026 - 15:48,354,169,292
801,546,68.16,1,0,0,23/03/2026 - 16:03,355,224,321
914,653,71.44,0,1,0,23/03/2026 - 16:50,356,197,455
895,608,67.93,0,0,0,23/03/2026 - 16:19,357,162,446
896,590,65.85,1,0,0,23/03/2026 - 15:27,358,148,441
763,525,68.81,1,0,0,23/03/2026 - 16:04,359,157,367
798,505,63.28,0,0,0,23/03/2026 - 16:04,360,124,381
709,491,69.25,2,1,0,23/03/2026 - 16:20,361,124,364
776,537,69.2,2,0,0,23/03/2026 - 16:04,362,148,387
936,636,67.95,0,0,0,23/03/2026 - 16:32,363,239,397
853,549,64.36,0,0,0,23/03/2026 - 15:27,364,147,402
733,500,68.21,3,0,0,23/03/2026 - 15:49,365,122,375
601,426,70.88,0,0,0,23/03/2026 - 15:32,366,113,313
901,640,71.03,1,0,0,23/03/2026 - 16:06,367,181,458
851,594,69.8,0,1,0,23/03/2026 - 16:20,368,178,415
739,496,67.12,2,0,0,23/03/2026 - 15:49,369,161,333
714,506,70.87,1,0,0,23/03/2026 - 15:32,370,161,344
835,563,67.43,3,0,0,23/03/2026 - 17:25,371,175,385
949,657,69.23,0,0,0,23/03/2026 - 16:06,372,176,481
929,659,70.94,0,1,0,23/03/2026 - 16:24,373,176,482
1081,724,66.98,0,1,0,23/03/2026 - 15:50,374,256,467
884,605,68.44,1,0,0,23/03/2026 - 16:07,375,192,412
607,458,75.45,1,1,0,23/03/2026 - 16:08,376,142,314
779,535,68.68,2,0,0,23/03/2026 - 16:21,377,179,354
734,496,67.57,1,0,0,23/03/2026 - 15:33,378,121,374
812,542,66.75,2,0,0,23/03/2026 - 16:09,379,140,400
698,467,66.91,0,0,0,23/03/2026 - 15:38,380,91,376
808,574,71.04,0,0,0,23/03/2026 - 16:21,381,150,424
638,410,64.26,2,2,0,23/03/2026 - 15:25,382,89,317
916,604,65.94,2,0,0,23/03/2026 - 15:43,383,142,460
862,559,64.85,0,0,0,23/03/2026 - 16:24,384,148,411
800,548,68.5,2,0,0,23/03/2026 - 16:18,385,128,418
1162,828,71.26,2,2,0,23/03/2026 - 16:03,386,219,605
1061,708,66.73,2,0,0,23/03/2026 - 16:39,387,159,547
913,617,67.58,1,1,0,23/03/2026 - 15:41,388,175,440
809,455,56.24,0,1,0,23/03/2026 - 16:18,389,107,347
1043,670,64.24,2,1,0,23/03/2026 - 16:19,390,187,480
944,616,65.25,5,0,0,23/03/2026 - 15:53,391,118,493
863,602,69.76,3,2,0,23/03/2026 - 15:53,392,140,457
814,573,70.39,3,0,0,23/03/2026 - 15:59,393,139,431
711,389,54.71,0,1,0,23/03/2026 - 15:47,394,89,299
913,570,62.43,0,0,0,23/03/2026 - 15:32,395,140,430
631,412,65.29,0,0,0,23/03/2026 - 16:18,396,91,321
799,495,61.95,2,0,0,23/03/2026 - 15:37,397,96,397
474,249,52.53,0,0,0,23/03/2026 - 15:37,398,65,184
968,520,53.72,0,0,0,23/03/2026 - 15:59,399,161,359
776,453,58.38,2,0,0,23/03/2026 - 15:27,400,95,356
857,530,61.84,1,0,0,23/03/2026 - 15:47,401,110,419
711,456,64.14,1,0,0,23/03/2026 - 16:18,402,98,357
765,536,70.07,1,0,0,23/03/2026 - 16:07,403,116,419
894,614,68.68,2,2,0,23/03/2026 - 16:47,404,140,470
891,564,63.3,1,0,0,23/03/2026 - 15:32,405,130,433
815,551,67.61,1,1,0,23/03/2026 - 15:41,406,147,402
474,279,58.86,0,0,0,23/03/2026 - 15:32,407,59,220
950,694,73.05,1,0,0,23/03/2026 - 16:03,408,202,491
896,659,73.55,1,0,0,23/03/2026 - 15:32,409,183,475
938,695,74.09,4,0,0,23/03/2026 - 16:18,410,157,534
546,354,64.84,0,0,0,23/03/2026 - 15:47,411,76,278
915,579,63.28,0,0,0,23/03/2026 - 15:47,412,167,412
799,537,67.21,0,0,0,23/03/2026 - 15:48,414,119,418
901,654,72.59,1,0,0,23/03/2026 - 15:53,415,182,471
921,626,67.97,1,0,0,23/03/2026 - 15:47,416,162,463
924,620,67.1,5,0,0,23/03/2026 - 16:03,417,151,464
830,569,68.55,40,0,0,23/03/2026 - 16:31,418,163,366
745,529,71.01,4,0,0,23/03/2026 - 16:07,419,111,414
929,598,64.37,2,0,0,23/03/2026 - 16:18,420,148,448
786,547,69.59,2,0,0,23/03/2026 - 16:24,421,128,417
597,397,66.5,0,1,0,23/03/2026 - 16:32,422,129,267
831,547,65.82,0,0,0,23/03/2026 - 15:37,423,118,429
793,549,69.23,0,0,0,23/03/2026 - 16:03,424,148,401
753,469,62.28,1,0,0,23/03/2026 - 16:18,425,91,377
764,503,65.84,2,0,0,23/03/2026 - 16:07,426,119,382
873,603,69.07,2,1,0,23/03/2026 - 15:47,427,150,450
963,582,60.44,1,0,0,23/03/2026 - 16:19,428,121,460
913,616,67.47,3,2,0,23/03/2026 - 15:55,429,172,439
894,607,67.9,3,0,0,23/03/2026 - 16:18,430,157,447
863,541,62.69,2,1,0,23/03/2026 - 16:19,431,179,359
847,535,63.16,2,0,0,23/03/2026 - 17:24,432,102,431
894,576,64.43,1,0,0,23/03/2026 - 16:18,433,143,432
893,626,70.1,2,0,0,23/03/2026 - 15:59,434,144,480
720,489,67.92,0,3,0,23/03/2026 - 16:07,435,124,362
639,445,69.64,1,0,0,23/03/2026 - 16:07,436,89,355
697,420,60.26,2,0,0,23/03/2026 - 16:24,437,105,313
381,231,60.63,0,0,0,23/03/2026 - 17:13,438,47,184
826,565,68.4,0,0,0,23/03/2026 - 15:47,439,178,387
970,703,72.47,2,0,0,23/03/2026 - 16:07,440,210,491
641,455,70.98,1,0,0,23/03/2026 - 15:47,441,103,351
802,493,61.47,0,1,0,23/03/2026 - 15:47,442,93,399
879,610,69.4,1,1,0,23/03/2026 - 15:53,443,425,183
832,561,67.43,0,0,0,23/03/2026 - 17:06,444,131,430
624,370,59.29,0,0,0,23/03/2026 - 16:08,445,163,207
484,295,60.95,0,0,0,23/03/2026 - 16:03,446,105,190
805,544,67.58,0,0,0,23/03/2026 - 15:53,447,224,320
717,454,63.32,0,0,0,23/03/2026 - 15:41,448,211,243
969,597,61.61,2,0,0,23/03/2026 - 16:24,449,261,334
465,289,62.15,1,0,0,23/03/2026 - 15:26,450,147,141
736,376,51.09,1,0,0,23/03/2026 - 16:52,451,117,258
904,517,57.19,0,0,0,23/03/2026 - 16:52,452,221,296
772,515,66.71,1,0,0,23/03/2026 - 15:53,453,221,293
765,500,65.36,2,1,0,23/03/2026 - 15:55,454,192,305
739,480,64.95,1,0,0,23/03/2026 - 16:18,455,214,265
844,540,63.98,2,0,0,23/03/2026 - 16:32,456,256,282
733,447,60.98,0,0,0,23/03/2026 - 15:41,457,200,247
748,483,64.57,0,1,0,23/03/2026 - 16:52,458,218,264
803,535,66.63,0,0,0,23/03/2026 - 16:03,459,282,253
679,472,69.51,3,1,0,23/03/2026 - 16:18,460,243,225
832,542,65.14,3,0,0,23/03/2026 - 15:53,461,263,276
902,585,64.86,0,0,0,23/03/2026 - 16:52,462,217,368
921,618,67.1,1,2,0,23/03/2026 - 16:32,463,328,287
716,491,68.58,1,0,0,23/03/2026 - 17:06,464,249,241
897,620,69.12,1,0,0,23/03/2026 - 16:18,465,251,368
748,463,61.9,0,0,0,23/03/2026 - 16:52,466,187,276
914,494,54.05,3,0,0,23/03/2026 - 16:47,467,87,404
981,475,48.42,2,2,0,23/03/2026 - 16:24,468,81,390
624,421,67.47,0,1,0,23/03/2026 - 16:39,469,87,333
666,287,43.09,2,1,0,23/03/2026 - 15:33,470,47,237
943,487,51.64,1,2,0,23/03/2026 - 15:43,471,75,409
808,445,55.07,1,0,0,23/03/2026 - 15:53,472,88,356
628,434,69.11,2,0,0,23/03/2026 - 15:53,473,177,255
668,400,59.88,0,0,0,23/03/2026 - 15:41,474,79,321
955,601,62.93,3,0,0,23/03/2026 - 15:41,475,130,468
919,568,61.81,1,1,0,23/03/2026 - 17:06,476,92,474
760,387,50.92,3,2,0,23/03/2026 - 16:45,477,66,316
866,414,47.81,0,0,0,23/03/2026 - 15:47,478,86,328
817,441,53.98,0,0,0,23/03/2026 - 15:53,479,103,338
943,556,58.96,0,2,0,23/03/2026 - 16:07,480,112,442
664,314,47.29,0,0,0,23/03/2026 - 15:25,481,54,260
863,479,55.5,4,0,0,23/03/2026 - 15:32,482,108,367
866,537,62.01,2,0,0,23/03/2026 - 15:53,483,92,443
796,485,60.93,2,1,0,23/03/2026 - 15:55,484,132,350
994,677,68.11,0,3,0,23/03/2026 - 16:24,485,181,493
972,592,60.91,11,1,0,23/03/2026 - 16:18,486,148,432
754,416,55.17,3,0,0,23/03/2026 - 15:23,487,110,303
803,497,61.89,0,0,0,23/03/2026 - 15:47,488,121,376
736,500,67.93,2,2,0,23/03/2026 - 15:43,489,116,380
935,462,49.41,1,0,0,23/03/2026 - 15:55,490,89,372
746,423,56.7,0,0,0,23/03/2026 - 16:26,491,72,351
935,488,52.19,1,0,0,23/03/2026 - 15:41,492,67,420
888,507,57.09,0,0,0,23/03/2026 - 16:18,493,98,409
899,588,65.41,1,0,0,23/03/2026 - 15:53,494,122,465
717,422,58.86,1,2,0,23/03/2026 - 15:27,495,65,354
1050,563,53.62,2,0,0,23/03/2026 - 16:18,496,102,459
867,492,56.75,1,0,0,23/03/2026 - 16:26,497,87,404
582,402,69.07,1,0,0,23/03/2026 - 15:47,498,62,339
670,375,55.97,0,0,0,23/03/2026 - 16:18,499,72,303
709,392,55.29,0,1,0,23/03/2026 - 15:47,500,88,303
645,306,47.44,1,0,0,23/03/2026 - 15:19,501,54,251
716,382,53.35,0,0,0,23/03/2026 - 15:53,502,89,293
941,530,56.32,0,0,0,23/03/2026 - 16:18,503,80,450
1028,434,42.22,3,0,0,23/03/2026 - 16:24,504,88,343
835,545,65.27,1,0,0,23/03/2026 - 16:24,505,199,345
979,643,65.68,0,0,0,23/03/2026 - 16:26,506,125,518
811,349,43.03,0,0,0,23/03/2026 - 15:47,507,73,276
713,426,59.75,0,0,0,23/03/2026 - 15:53,508,76,350
833,417,50.06,0,0,0,23/03/2026 - 15:55,509,71,346
631,398,63.07,2,0,0,23/03/2026 - 16:24,510,93,303
809,432,53.4,0,0,0,23/03/2026 - 15:46,511,73,359
655,379,57.86,1,0,0,23/03/2026 - 15:46,512,55,323
789,524,66.41,2,1,0,23/03/2026 - 16:04,513,115,406
721,461,63.94,2,0,0,23/03/2026 - 16:24,514,99,360
769,407,52.93,0,0,0,23/03/2026 - 15:27,515,76,331
727,423,58.18,3,0,0,23/03/2026 - 16:18,516,107,313
558,352,63.08,2,0,0,23/03/2026 - 15:38,517,73,277
941,599,63.66,1,1,0,23/03/2026 - 15:59,518,117,480
747,512,68.54,1,0,0,23/03/2026 - 16:07,519,176,335
1026,601,58.58,3,0,0,23/03/2026 - 15:55,520,150,448
865,459,53.06,1,0,0,23/03/2026 - 15:46,521,100,358
641,296,46.18,1,0,0,23/03/2026 - 16:40,522,68,227
786,465,59.16,1,0,0,23/03/2026 - 16:19,523,89,375
739,490,66.31,0,0,0,23/03/2026 - 15:46,524,72,418
798,433,54.26,0,0,0,23/03/2026 - 15:55,525,102,331
625,404,64.64,0,0,0,23/03/2026 - 15:32,526,103,301
792,471,59.47,0,0,0,23/03/2026 - 15:48,527,87,384
862,492,57.08,4,0,0,23/03/2026 - 15:46,528,135,353
816,539,66.05,1,1,0,23/03/2026 - 15:58,529,117,420
922,504,54.66,1,1,0,23/03/2026 - 15:55,530,94,408
887,404,45.55,0,0,0,23/03/2026 - 15:46,531,80,324
828,532,64.25,3,0,0,23/03/2026 - 16:24,532,102,427
928,522,56.25,2,0,0,23/03/2026 - 15:38,533,117,403
817,518,63.4,2,0,0,23/03/2026 - 16:31,534,107,409
669,366,54.71,1,0,0,23/03/2026 - 15:32,535,79,286
881,308,34.96,1,0,0,23/03/2026 - 15:48,536,88,219
697,233,33.43,2,0,0,23/03/2026 - 15:59,537,41,190
691,443,64.11,0,0,0,23/03/2026 - 15:32,538,89,354
762,378,49.61,3,0,0,23/03/2026 - 16:18,539,42,333
626,357,57.03,0,0,0,23/03/2026 - 15:33,540,63,294
693,319,46.03,1,0,0,23/03/2026 - 15:46,541,52,266
619,296,47.82,1,0,0,23/03/2026 - 15:48,542,56,239
715,399,55.8,2,0,0,23/03/2026 - 16:44,543,61,336
737,387,52.51,3,0,0,23/03/2026 - 16:18,544,56,328
736,401,54.48,0,1,0,23/03/2026 - 15:59,545,72,328
666,383,57.51,1,0,0,23/03/2026 - 16:24,546,76,306
562,242,43.06,0,0,0,23/03/2026 - 15:33,547,48,194
765,439,57.39,0,1,0,23/03/2026 - 15:48,548,86,352
835,529,63.35,2,0,0,23/03/2026 - 16:24,549,84,443
805,509,63.23,0,0,0,23/03/2026 - 16:07,550,62,447
