votanti,affluenza,schede_nulle,schede_bianche,schede_contestate,aggiornamento,sezione,si,no
827,68.46,1,1,0,ultimo,1,363,462
381,69.4,1,0,0,ultimo,2,154,226
379,53.38,2,0,0,ultimo,3,102,275
323,67.86,0,0,0,ultimo,4,141,182
442,68.74,2,0,0,ultimo,5,183,257
450,68.39,2,2,0,ultimo,6,162,284
526,74.72,0,0,0,ultimo,7,134,392
201,49.14,0,0,0,ultimo,8,75,126
510,69.48,1,0,0,ultimo,9,179,330
475,68.25,1,0,0,ultimo,10,139,335
586,71.38,0,3,0,ultimo,11,182,401
397,65.4,2,1,0,ultimo,12,127,267
556,67.89,3,0,0,ultimo,13,157,396
756,74.19,2,1,0,ultimo,14,247,506
574,67.85,0,0,0,ultimo,15,183,391
470,67.34,1,1,0,ultimo,16,166,302
604,74.11,1,0,0,ultimo,17,193,410
386,71.88,0,0,0,ultimo,18,193,193
306,65.11,0,0,0,ultimo,19,169,137
511,66.62,1,1,0,ultimo,20,267,242
592,70.98,3,0,0,ultimo,21,240,349
572,66.36,0,0,0,ultimo,22,228,344
414,62.63,1,0,0,ultimo,23,177,236
438,61.69,2,1,0,ultimo,24,176,259
867,67.84,0,1,0,ultimo,25,304,562
284,64.69,2,0,0,ultimo,26,114,168
315,67.02,2,0,0,ultimo,27,140,173
443,66.22,1,2,0,ultimo,28,177,263
551,75.07,3,2,0,ultimo,29,176,370
601,80.03,0,0,0,ultimo,30,251,350
614,77.33,1,2,0,ultimo,31,204,407
643,73.74,3,1,0,ultimo,32,263,376
599,70.47,1,1,0,ultimo,33,208,389
717,75.87,0,0,0,ultimo,34,342,375
652,73.51,2,2,0,ultimo,35,214,434
605,69.62,2,1,0,ultimo,36,238,364
594,70.13,1,0,0,ultimo,37,277,316
468,69.13,1,2,0,ultimo,38,179,286
532,73.38,1,0,0,ultimo,39,212,319
504,67.29,2,0,0,ultimo,40,198,304
665,78.24,2,2,0,ultimo,41,302,359
492,72.89,2,1,0,ultimo,42,174,315
428,63.79,2,1,0,ultimo,43,159,266
406,66.02,3,0,0,ultimo,44,144,259
450,73.17,1,0,0,ultimo,45,178,271
492,71.3,0,0,0,ultimo,46,237,255
487,71.41,0,0,0,ultimo,47,184,303
579,75.0,2,1,0,ultimo,48,213,363
483,73.74,3,0,0,ultimo,49,161,319
594,77.55,0,3,0,ultimo,50,210,381
517,66.71,2,2,0,ultimo,51,187,326
629,73.48,2,1,0,ultimo,52,209,417
598,80.16,2,1,0,ultimo,53,198,397
607,74.94,4,1,0,ultimo,54,217,385
462,72.41,1,2,0,ultimo,55,181,278
573,72.44,0,0,0,ultimo,56,223,350
539,71.68,1,0,0,ultimo,57,251,287
625,76.41,0,0,0,ultimo,58,229,396
532,75.35,1,1,0,ultimo,59,253,277
552,74.09,0,1,0,ultimo,60,215,336
534,81.03,3,2,0,ultimo,61,215,314
584,77.15,0,0,0,ultimo,62,241,343
783,79.01,5,0,0,ultimo,63,368,410
567,72.51,0,1,0,ultimo,64,247,319
662,75.23,2,1,0,ultimo,65,304,355
573,69.2,2,0,0,ultimo,66,231,340
646,46.78,3,1,0,ultimo,67,231,411
622,74.31,2,2,0,ultimo,68,197,421
636,74.21,2,0,0,ultimo,69,203,431
483,68.61,0,0,0,ultimo,70,181,302
642,70.94,2,1,0,ultimo,71,196,443
621,69.0,0,0,0,ultimo,72,176,445
749,72.72,1,2,0,ultimo,73,182,564
630,76.09,1,0,0,ultimo,74,145,484
679,73.25,3,1,0,ultimo,75,194,481
676,74.53,0,2,0,ultimo,76,175,499
772,75.69,1,0,0,ultimo,77,185,586
559,67.76,2,0,0,ultimo,78,175,382
572,70.53,1,0,0,ultimo,79,173,398
551,68.02,2,0,0,ultimo,80,170,379
672,72.65,1,0,0,ultimo,81,199,472
676,73.24,0,0,0,ultimo,82,189,487
734,75.98,1,2,0,ultimo,83,209,522
592,70.98,2,0,0,ultimo,84,156,434
710,72.15,0,0,0,ultimo,85,197,513
705,74.52,2,1,0,ultimo,86,176,526
697,74.63,0,1,0,ultimo,87,212,484
626,73.47,2,0,0,ultimo,88,163,461
614,71.65,1,0,0,ultimo,89,189,424
575,63.4,0,0,0,ultimo,90,181,394
593,70.93,4,0,0,ultimo,91,167,422
706,77.24,2,2,0,ultimo,92,217,485
540,67.84,1,0,0,ultimo,93,190,349
623,69.07,3,0,0,ultimo,94,187,433
474,66.39,1,0,0,ultimo,95,174,299
651,75.17,3,0,0,ultimo,96,228,420
635,76.14,0,0,0,ultimo,97,197,438
593,69.68,1,2,0,ultimo,99,186,404
444,67.58,0,0,0,ultimo,98,166,278
714,73.99,3,3,0,ultimo,100,234,474
561,67.19,2,0,0,ultimo,101,194,365
635,75.69,3,2,0,ultimo,102,259,371
524,70.43,0,0,0,ultimo,103,185,339
636,72.85,0,3,0,ultimo,104,278,355
571,72.19,2,0,0,ultimo,105,229,340
549,71.86,2,2,0,ultimo,106,230,315
671,71.16,3,0,0,ultimo,107,294,374
616,71.3,2,0,0,ultimo,108,266,348
440,56.27,0,0,0,ultimo,109,156,284
381,53.29,2,0,0,ultimo,110,118,261
405,54.58,1,0,0,ultimo,111,153,251
423,52.22,2,0,0,ultimo,112,125,296
412,52.69,0,0,0,ultimo,113,107,305
795,67.2,1,1,0,ultimo,114,319,474
517,56.13,1,1,0,ultimo,115,171,344
521,55.31,3,0,0,ultimo,116,191,327
531,55.03,0,2,0,ultimo,117,163,366
476,54.59,1,0,0,ultimo,118,136,339
448,49.67,1,0,0,ultimo,119,134,313
600,79.05,1,1,0,ultimo,120,273,325
675,76.7,0,2,0,ultimo,121,272,401
572,72.96,2,2,0,ultimo,122,303,265
752,77.61,3,1,0,ultimo,123,302,446
718,74.25,3,2,0,ultimo,124,288,425
669,75.51,1,1,0,ultimo,125,333,334
656,73.13,2,0,0,ultimo,126,260,394
576,73.66,0,0,0,ultimo,127,264,312
706,74.63,1,2,0,ultimo,128,275,428
556,75.85,0,0,0,ultimo,129,221,335
643,70.81,2,1,0,ultimo,130,248,392
697,72.76,1,2,0,ultimo,131,301,393
620,73.29,1,1,0,ultimo,132,255,363
693,76.32,0,0,0,ultimo,133,282,411
650,74.29,3,1,0,ultimo,134,220,426
613,72.63,1,1,0,ultimo,135,246,365
642,73.96,1,0,0,ultimo,136,242,399
753,73.75,0,3,0,ultimo,137,347,403
775,77.42,2,1,0,ultimo,138,258,514
614,69.69,0,1,0,ultimo,139,237,376
717,80.47,0,1,0,ultimo,140,246,470
738,75.08,0,1,0,ultimo,141,277,460
668,74.72,0,0,0,ultimo,142,259,409
654,74.57,0,0,0,ultimo,143,323,331
818,78.05,0,1,0,ultimo,144,515,302
622,73.87,1,0,0,ultimo,145,253,368
712,73.78,1,3,0,ultimo,146,326,382
718,75.26,1,1,0,ultimo,147,261,455
668,74.22,3,0,0,ultimo,148,300,365
679,77.69,1,1,0,ultimo,149,254,423
764,77.09,1,0,0,ultimo,150,321,442
841,78.75,1,2,0,ultimo,151,321,517
671,71.92,1,1,0,ultimo,152,286,383
703,75.03,1,0,0,ultimo,153,252,450
597,73.7,2,1,0,ultimo,154,232,362
684,74.03,0,0,0,ultimo,155,268,416
665,70.97,5,0,0,ultimo,156,254,406
586,69.51,3,0,0,ultimo,157,238,345
542,72.46,2,1,0,ultimo,158,180,359
620,76.17,2,3,0,ultimo,159,258,357
580,70.73,1,2,0,ultimo,160,246,331
515,73.47,2,1,0,ultimo,161,216,296
471,72.91,0,0,0,ultimo,162,160,311
576,72.54,6,0,0,ultimo,163,184,386
543,68.47,2,1,0,ultimo,164,193,347
728,75.44,1,1,0,ultimo,165,266,460
528,70.12,0,1,0,ultimo,166,195,332
585,73.03,1,1,0,ultimo,167,210,373
532,73.18,1,1,0,ultimo,168,223,307
638,74.45,1,2,0,ultimo,169,273,362
751,76.95,2,2,0,ultimo,170,328,419
689,76.22,0,1,0,ultimo,171,297,391
130,67.71,1,0,0,ultimo,172,37,92
572,64.49,2,0,0,ultimo,173,229,341
434,69.0,0,0,0,ultimo,174,178,256
413,66.72,1,1,0,ultimo,175,143,268
425,68.66,0,0,0,ultimo,176,143,282
421,59.72,0,0,0,ultimo,177,167,254
411,61.62,3,1,0,ultimo,178,136,271
505,68.99,0,1,0,ultimo,179,203,301
441,71.24,3,0,0,ultimo,180,174,264
369,63.95,2,1,0,ultimo,181,162,204
312,59.66,3,0,0,ultimo,182,108,201
381,58.44,2,0,0,ultimo,183,138,241
762,67.67,4,2,0,ultimo,184,290,466
621,71.3,1,0,0,ultimo,185,184,436
430,68.15,2,1,0,ultimo,186,177,250
515,68.3,4,0,0,ultimo,187,211,300
418,61.02,3,0,0,ultimo,188,179,236
374,57.45,1,0,0,ultimo,189,151,222
418,55.66,0,2,0,ultimo,190,161,255
508,70.17,3,1,0,ultimo,191,190,314
486,71.47,1,1,0,ultimo,192,142,342
340,50.0,0,1,0,ultimo,193,126,213
371,55.21,4,0,0,ultimo,194,141,226
280,50.91,0,1,1,ultimo,195,88,190
260,51.59,1,0,0,ultimo,196,90,169
404,58.38,3,0,0,ultimo,197,133,268
440,55.28,0,0,0,ultimo,198,152,288
411,61.8,1,0,0,ultimo,199,116,294
523,66.37,3,1,0,ultimo,200,172,347
582,65.54,1,1,0,ultimo,201,231,349
745,65.35,3,1,0,ultimo,202,269,472
604,67.64,5,0,0,ultimo,203,247,352
485,65.99,0,1,0,ultimo,204,194,290
436,55.47,2,2,0,ultimo,205,163,269
432,64.0,3,0,0,ultimo,206,162,267
643,69.66,2,0,0,ultimo,207,251,390
645,70.34,1,0,0,ultimo,208,254,390
627,71.41,3,2,0,ultimo,209,225,397
619,74.49,2,0,0,ultimo,210,246,371
629,74.44,2,0,0,ultimo,211,232,395
642,72.54,1,0,0,ultimo,212,239,402
631,72.7,2,1,0,ultimo,213,272,356
564,76.73,2,1,0,ultimo,214,220,341
596,76.61,8,0,0,ultimo,215,235,353
633,71.61,6,1,0,ultimo,216,227,399
533,72.62,3,1,0,ultimo,217,204,325
611,73.26,1,0,0,ultimo,218,248,362
636,71.86,1,2,0,ultimo,219,221,412
480,66.76,1,0,0,ultimo,220,178,301
626,71.06,2,2,0,ultimo,221,219,403
713,74.43,2,1,0,ultimo,222,250,460
548,72.2,2,1,0,ultimo,223,199,346
574,69.49,3,0,0,ultimo,224,222,349
829,71.77,0,0,0,ultimo,225,318,511
809,71.09,2,4,0,ultimo,226,313,490
453,72.48,0,1,0,ultimo,227,168,284
552,66.91,3,1,0,ultimo,228,186,362
646,73.49,3,1,0,ultimo,229,214,428
619,66.2,2,0,0,ultimo,230,213,404
679,73.88,0,0,0,ultimo,231,270,409
530,65.19,0,0,0,ultimo,232,242,288
734,71.82,4,2,0,ultimo,233,314,414
729,71.33,1,2,0,ultimo,234,297,429
763,75.77,5,0,0,ultimo,235,274,484
585,73.4,0,1,0,ultimo,236,207,377
603,72.74,2,0,0,ultimo,237,225,376
634,75.03,1,1,0,ultimo,238,216,416
668,75.4,2,0,0,ultimo,239,235,431
601,72.5,3,2,0,ultimo,240,198,398
491,61.38,0,0,0,ultimo,241,181,310
476,57.91,2,0,0,ultimo,242,200,274
702,72.45,4,0,0,ultimo,243,273,425
811,73.26,2,2,0,ultimo,244,322,485
578,65.38,1,0,0,ultimo,245,229,348
624,80.1,1,0,0,ultimo,246,137,486
532,76.44,5,2,0,ultimo,247,137,388
655,68.3,1,1,0,ultimo,248,189,464
605,73.78,1,0,0,ultimo,249,193,411
574,74.93,0,2,0,ultimo,250,182,390
688,78.18,1,1,0,ultimo,251,222,464
508,63.11,4,0,0,ultimo,252,184,320
207,69.23,0,1,0,ultimo,253,78,128
542,57.72,1,0,0,ultimo,254,217,324
590,59.72,2,1,0,ultimo,255,210,377
537,66.46,2,0,0,ultimo,256,222,313
645,73.21,3,0,0,ultimo,257,247,395
538,62.2,2,1,0,ultimo,258,183,352
455,66.23,2,1,0,ultimo,259,171,281
377,52.95,1,1,0,ultimo,260,146,229
431,63.1,4,1,0,ultimo,261,153,273
725,74.13,1,1,0,ultimo,262,319,404
707,74.19,4,2,0,ultimo,263,266,435
464,63.39,1,0,0,ultimo,264,248,215
651,69.92,1,2,0,ultimo,265,270,378
691,72.58,1,2,0,ultimo,266,304,384
654,76.49,0,0,0,ultimo,267,348,306
544,60.85,4,1,0,ultimo,268,185,354
555,69.64,0,0,0,ultimo,269,213,342
583,68.27,4,2,0,ultimo,270,208,369
323,54.1,4,0,0,ultimo,271,118,201
242,42.68,0,0,0,ultimo,272,80,162
343,47.97,4,0,0,ultimo,273,108,231
346,54.83,1,1,0,ultimo,274,116,228
267,44.95,1,1,0,ultimo,275,107,158
284,43.56,2,3,0,ultimo,276,108,171
498,64.18,2,0,0,ultimo,277,177,319
581,69.92,2,0,0,ultimo,278,224,355
271,40.57,1,0,0,ultimo,279,117,153
317,36.56,1,0,0,ultimo,280,114,202
307,40.39,0,0,0,ultimo,281,91,216
279,43.39,1,1,0,ultimo,282,115,162
279,52.25,2,0,0,ultimo,283,100,177
583,55.26,4,0,0,ultimo,284,194,385
842,71.6,1,4,0,ultimo,285,345,492
628,69.7,1,0,0,ultimo,286,157,470
585,69.56,0,0,0,ultimo,287,201,384
435,68.83,1,2,0,ultimo,288,150,282
613,72.72,1,1,0,ultimo,289,267,344
659,72.1,0,0,0,ultimo,290,305,354
581,71.2,2,0,0,ultimo,291,264,315
418,66.67,0,0,0,ultimo,292,138,280
507,70.81,2,1,0,ultimo,293,209,295
511,79.1,1,1,0,ultimo,294,149,360
477,75.0,0,2,0,ultimo,295,168,307
532,70.09,0,0,0,ultimo,296,190,342
565,72.44,0,0,0,ultimo,297,200,365
608,72.99,1,0,0,ultimo,298,239,368
470,75.2,1,1,0,ultimo,299,159,309
630,75.18,0,1,0,ultimo,300,232,397
523,69.83,2,1,0,ultimo,301,170,350
543,74.38,2,1,0,ultimo,302,192,348
457,66.62,1,0,0,ultimo,303,185,271
477,71.51,1,0,0,ultimo,304,168,308
469,74.8,1,1,0,ultimo,305,156,311
414,67.1,4,0,0,ultimo,306,167,243
428,63.5,1,0,0,ultimo,307,145,282
539,70.55,3,1,0,ultimo,308,176,359
618,72.2,1,2,0,ultimo,309,238,377
754,74.58,1,1,0,ultimo,310,246,506
779,58.4,0,0,0,ultimo,311,379,400
587,67.63,1,1,0,ultimo,312,229,356
469,62.78,4,0,0,ultimo,313,175,290
724,66.91,2,0,0,ultimo,314,342,380
521,60.94,1,0,0,ultimo,315,161,359
514,60.54,1,1,0,ultimo,316,162,350
589,65.23,1,0,0,ultimo,317,226,362
476,68.19,2,0,0,ultimo,318,126,348
300,47.17,4,0,0,ultimo,319,145,151
296,49.83,1,1,0,ultimo,320,108,186
241,41.34,3,0,0,ultimo,321,98,140
226,59.79,1,0,0,ultimo,322,107,118
444,57.14,4,0,0,ultimo,323,190,250
418,60.06,1,1,0,ultimo,324,178,238
390,57.35,1,0,0,ultimo,325,184,205
358,55.76,1,0,0,ultimo,326,149,208
367,52.96,4,3,0,ultimo,327,152,208
528,61.25,2,0,0,ultimo,328,222,304
596,68.43,1,0,0,ultimo,329,226,369
824,67.38,3,1,0,ultimo,330,306,514
712,70.43,2,0,0,ultimo,331,290,420
557,56.38,1,0,0,ultimo,332,204,352
549,58.16,2,0,0,ultimo,333,246,301
519,59.38,1,1,0,ultimo,334,204,313
588,62.82,2,0,0,ultimo,335,242,344
469,57.55,4,0,0,ultimo,336,220,245
546,53.32,3,1,0,ultimo,337,215,327
473,59.27,3,0,0,ultimo,338,200,270
673,62.03,2,0,0,ultimo,339,271,400
409,60.86,1,0,0,ultimo,340,143,265
522,70.92,2,1,0,ultimo,342,247,272
342,56.91,0,0,0,ultimo,341,192,150
508,69.4,1,1,0,ultimo,343,205,301
514,68.99,2,1,0,ultimo,344,201,310
581,72.99,1,1,0,ultimo,345,209,370
423,64.68,1,1,0,ultimo,346,153,268
572,74.38,2,2,0,ultimo,347,197,371
602,74.41,1,1,0,ultimo,348,167,433
613,73.94,2,1,0,ultimo,349,252,358
259,42.25,1,0,0,ultimo,350,109,149
676,65.31,1,0,0,ultimo,351,243,432
687,71.79,0,0,0,ultimo,352,282,405
489,63.18,0,0,0,ultimo,353,220,269
331,39.26,0,0,0,ultimo,354,160,171
618,63.51,4,1,0,ultimo,355,259,354
317,60.38,0,0,0,ultimo,356,184,133
546,52.96,4,1,0,ultimo,357,239,302
701,60.9,3,0,0,ultimo,358,324,374
461,56.84,1,0,1,ultimo,359,199,260
656,58.78,0,0,0,ultimo,360,339,317
755,68.76,4,0,0,ultimo,361,340,411
620,62.63,2,0,0,ultimo,362,250,368
635,72.82,0,0,0,ultimo,363,276,359
539,70.64,1,1,0,ultimo,364,199,338
824,70.97,2,1,0,ultimo,365,326,495
749,63.69,0,0,0,ultimo,366,262,487
545,67.04,0,1,0,ultimo,367,215,329
393,52.54,2,0,0,ultimo,368,168,223
415,51.23,1,1,0,ultimo,369,176,237
356,56.6,1,0,0,ultimo,370,207,148
337,51.14,2,2,0,ultimo,371,148,185
589,69.21,3,1,0,ultimo,372,270,315
728,63.19,3,0,0,ultimo,373,323,402
639,61.27,1,0,0,ultimo,374,273,365
481,47.91,2,1,0,ultimo,375,214,264
597,62.78,0,1,0,ultimo,376,329,267
689,72.83,0,1,0,ultimo,377,238,450
629,73.91,4,0,0,ultimo,378,228,397
746,71.32,5,1,0,ultimo,379,265,475
414,58.15,1,1,0,ultimo,381,160,252
336,62.92,0,0,0,ultimo,382,117,219
866,69.78,1,0,0,ultimo,380,358,507
469,62.04,2,1,0,ultimo,383,181,285
556,60.04,1,0,0,ultimo,384,231,324
821,65.84,0,0,0,ultimo,385,341,480
319,61.58,0,0,0,ultimo,386,132,187
520,55.91,2,2,0,ultimo,387,227,289
482,51.77,6,2,0,ultimo,388,212,262
661,56.45,2,0,0,ultimo,389,330,329
639,58.25,2,0,0,ultimo,390,298,339
536,73.73,0,2,0,ultimo,391,128,406
445,75.55,0,1,0,ultimo,393,87,357
280,62.92,0,0,0,ultimo,392,87,193
390,70.4,1,0,0,ultimo,394,89,300
370,67.89,3,0,0,ultimo,395,98,269
521,71.96,2,0,0,ultimo,397,121,398
403,62.77,0,1,0,ultimo,396,69,333
303,56.53,0,0,0,ultimo,398,101,202
374,71.37,1,1,0,ultimo,399,85,287
491,67.08,0,2,0,ultimo,400,120,369
392,66.67,0,0,0,ultimo,401,98,294
703,43.45,0,0,0,ultimo,402,258,445
428,67.3,0,1,0,ultimo,403,135,292
507,64.18,2,1,0,ultimo,404,197,307
414,64.19,2,1,0,ultimo,405,166,245
783,73.94,4,1,0,ultimo,407,304,474
489,69.17,2,1,0,ultimo,406,190,296
416,64.3,3,0,0,ultimo,408,153,260
372,59.05,3,0,0,ultimo,409,163,206
475,60.2,0,1,0,ultimo,410,158,316
558,64.21,5,0,0,ultimo,411,196,357
583,67.01,3,2,0,ultimo,412,200,378
355,59.76,1,1,0,ultimo,413,98,255
439,30.03,3,0,0,ultimo,414,120,316
644,65.05,2,0,0,ultimo,415,142,500
462,64.44,1,1,0,ultimo,416,113,347
461,65.48,2,2,0,ultimo,417,114,343
519,66.97,2,0,0,ultimo,418,132,385
643,69.66,2,1,0,ultimo,419,162,478
494,66.13,0,1,0,ultimo,420,165,328
543,71.83,2,0,0,ultimo,421,170,371
558,71.08,1,1,0,ultimo,422,135,421
518,68.79,1,2,0,ultimo,423,172,343
537,67.8,2,0,0,ultimo,424,151,384
594,70.3,1,1,0,ultimo,425,228,364
498,70.74,1,0,0,ultimo,426,185,312
558,72.09,2,1,0,ultimo,427,175,380
571,71.38,1,0,0,ultimo,428,202,368
562,70.69,2,2,0,ultimo,429,178,380
594,68.83,2,3,0,ultimo,430,173,416
561,73.53,2,0,0,ultimo,431,229,330
503,60.9,4,1,0,ultimo,432,165,333
553,70.36,0,1,0,ultimo,433,212,340
543,67.12,2,1,0,ultimo,434,209,331
431,66.31,0,0,0,ultimo,435,144,287
483,65.45,1,1,0,ultimo,436,155,326
541,66.71,1,0,0,ultimo,437,218,322
553,70.36,2,2,0,ultimo,438,199,350
516,66.84,3,0,0,ultimo,439,162,351
563,65.69,6,0,0,ultimo,440,202,355
547,64.89,1,1,0,ultimo,441,167,378
578,68.56,1,0,0,ultimo,442,126,451
554,69.51,1,0,0,ultimo,443,130,423
545,69.96,0,0,0,ultimo,444,171,374
588,68.69,3,0,0,ultimo,445,208,377
417,59.57,1,0,0,ultimo,446,84,332
530,60.71,3,3,0,ultimo,447,151,373
249,55.09,0,0,0,ultimo,448,64,185
417,56.12,0,0,0,ultimo,449,159,258
538,59.25,1,1,0,ultimo,450,202,334
507,59.86,2,2,0,ultimo,451,148,355
468,69.54,5,1,0,ultimo,452,173,289
405,62.12,0,0,0,ultimo,453,155,250
533,65.32,1,0,0,ultimo,454,161,371
523,70.2,1,1,0,ultimo,455,184,337
468,62.73,2,0,0,ultimo,456,190,276
524,75.4,3,0,0,ultimo,457,184,337
587,71.76,3,1,0,ultimo,458,215,368
543,65.26,4,1,0,ultimo,459,174,364
534,68.55,2,0,0,ultimo,460,213,319
426,61.47,1,0,0,ultimo,461,164,261
556,69.33,1,0,0,ultimo,462,198,357
571,66.24,2,1,0,ultimo,463,236,332
486,65.5,1,0,0,ultimo,464,173,312
534,67.42,0,3,0,ultimo,465,209,322
441,53.07,0,0,0,ultimo,466,167,274
601,67.99,0,2,0,ultimo,467,258,341
549,67.69,5,0,0,ultimo,468,200,344
558,63.12,1,2,0,ultimo,469,217,338
436,57.67,1,1,0,ultimo,470,191,243
339,73.54,0,0,0,ultimo,471,127,212
422,72.26,1,1,0,ultimo,472,176,244
404,76.52,2,1,0,ultimo,473,150,251
396,73.06,0,0,0,ultimo,474,131,265
718,73.04,2,0,0,ultimo,475,240,476
311,63.6,0,0,0,ultimo,476,129,182
599,50.94,1,0,0,ultimo,477,241,357
492,75.0,0,0,0,ultimo,478,158,334
403,71.71,0,1,0,ultimo,479,133,269
465,64.32,1,1,0,ultimo,480,156,307
478,63.65,2,0,0,ultimo,481,180,296
398,63.17,1,0,0,ultimo,482,141,256
483,65.63,1,0,0,ultimo,483,170,312
571,68.88,0,2,0,ultimo,484,221,348
489,65.9,0,0,0,ultimo,485,167,322
463,70.69,1,1,0,ultimo,486,144,317
465,59.46,3,0,0,ultimo,487,153,309
440,64.33,3,0,0,ultimo,488,130,307
360,60.2,3,0,0,ultimo,489,101,256
294,59.51,0,0,0,ultimo,490,86,208
733,56.95,3,2,0,ultimo,491,319,409
636,64.18,2,1,0,ultimo,492,206,427
497,59.95,2,0,0,ultimo,493,185,310
604,63.78,5,0,0,ultimo,494,206,393
511,61.49,1,0,0,ultimo,495,193,317
582,62.85,2,2,0,ultimo,496,373,205
646,63.77,2,1,0,ultimo,497,246,397
607,54.88,2,1,0,ultimo,498,261,343
463,64.76,0,1,1,ultimo,499,159,302
513,65.1,1,1,0,ultimo,500,168,343
471,62.47,0,1,0,ultimo,501,162,308
534,66.01,4,1,0,ultimo,502,190,339
524,64.77,0,1,0,ultimo,503,208,315
477,63.18,3,0,0,ultimo,504,153,321
488,59.51,1,0,0,ultimo,505,151,336
421,59.38,4,0,0,ultimo,506,175,242
472,62.68,2,1,0,ultimo,507,162,307
533,63.15,2,1,0,ultimo,508,182,348
584,63.2,2,0,0,ultimo,509,182,400
411,50.55,1,0,0,ultimo,510,183,227
571,65.41,5,4,0,ultimo,511,226,336
612,62.51,2,0,0,ultimo,512,257,353
566,50.95,2,0,0,ultimo,513,278,286
473,55.91,2,0,0,ultimo,514,205,266
658,50.27,2,0,0,ultimo,515,287,369
480,60.45,4,3,0,ultimo,516,163,310
331,60.73,0,1,0,ultimo,517,95,235
326,63.42,0,1,0,ultimo,518,106,219
476,45.25,3,0,0,ultimo,519,236,237
520,62.5,3,1,0,ultimo,520,182,334
668,52.31,4,0,0,ultimo,521,274,390
516,65.32,4,1,0,ultimo,522,180,331
344,55.66,1,0,0,ultimo,523,172,171
588,62.62,1,1,0,ultimo,524,204,382
437,58.19,0,2,0,ultimo,525,140,295
465,60.39,1,0,0,ultimo,526,138,326
466,62.72,0,0,0,ultimo,527,182,284
491,65.12,0,1,0,ultimo,528,180,310
501,65.49,2,4,0,ultimo,529,156,339
381,58.08,0,0,0,ultimo,530,148,233
582,59.82,2,2,0,ultimo,531,176,402
540,56.78,0,0,0,ultimo,532,172,368
587,59.59,1,0,0,ultimo,533,208,378
583,54.08,5,1,0,ultimo,534,256,321
505,58.58,1,1,0,ultimo,535,177,326
631,60.85,4,0,0,ultimo,536,239,388
430,64.76,3,0,0,ultimo,537,179,248
466,64.54,1,0,0,ultimo,538,167,298
531,69.41,6,1,0,ultimo,539,213,311
425,64.39,2,0,0,ultimo,540,147,276
470,67.92,3,0,0,ultimo,541,184,283
450,63.56,1,1,0,ultimo,542,150,298
410,58.74,2,0,0,ultimo,543,139,269
363,58.27,0,0,0,ultimo,544,138,225
496,63.67,0,0,0,ultimo,545,166,330
564,67.22,1,1,0,ultimo,546,216,346
400,60.88,1,3,0,ultimo,547,161,235
531,67.13,2,0,0,ultimo,548,214,315
422,66.77,0,0,0,ultimo,549,146,276
333,51.23,2,0,0,ultimo,550,146,185
308,56.2,1,0,0,ultimo,551,136,171
590,58.88,2,0,0,ultimo,552,236,352
543,57.1,2,0,0,ultimo,553,210,331
440,65.67,2,1,0,ultimo,554,189,248
387,51.46,2,2,0,ultimo,555,159,224
559,66.71,2,1,0,ultimo,556,235,321
394,56.69,1,0,0,ultimo,557,148,245
506,70.47,0,0,0,ultimo,558,160,346
477,67.85,3,1,0,ultimo,559,144,329
388,72.39,2,0,0,ultimo,560,133,253
586,67.67,1,2,0,ultimo,561,237,346
632,66.11,5,0,0,ultimo,562,276,351
711,70.82,2,2,0,ultimo,563,253,454
389,47.21,2,0,0,ultimo,564,140,247
319,51.2,1,0,0,ultimo,565,109,209
323,44.37,3,2,0,ultimo,566,137,181
478,59.45,0,1,0,ultimo,567,167,310
751,71.25,0,1,0,ultimo,568,233,517
360,51.06,3,1,0,ultimo,569,113,243
331,49.77,0,0,0,ultimo,570,129,202
452,63.75,1,0,0,ultimo,571,144,307
575,71.08,2,1,0,ultimo,572,184,388
531,75.0,2,0,0,ultimo,573,227,302
485,81.1,1,0,0,ultimo,574,126,358
499,74.15,0,1,0,ultimo,575,159,339
572,69.0,3,1,0,ultimo,576,198,370
668,56.51,6,2,0,ultimo,577,325,335
582,64.67,1,1,0,ultimo,578,252,328
547,64.81,5,0,0,ultimo,579,203,339
507,64.83,3,0,0,ultimo,580,190,314
465,61.75,1,1,0,ultimo,581,144,319
454,58.28,0,0,0,ultimo,582,194,260
467,61.94,3,0,0,ultimo,583,185,279
317,51.88,2,0,0,ultimo,584,108,207
378,54.15,0,0,0,ultimo,585,132,246
381,53.36,2,0,0,ultimo,586,122,257
448,58.41,1,0,0,ultimo,587,162,285
507,59.51,0,0,0,ultimo,588,179,328
318,47.96,2,0,0,ultimo,589,164,152
476,62.96,2,0,0,ultimo,590,198,276
527,67.65,1,2,0,ultimo,591,213,311
628,67.89,3,3,0,ultimo,592,212,410
584,71.48,2,2,0,ultimo,593,287,293
501,66.36,1,1,0,ultimo,594,180,319
714,70.14,3,0,0,ultimo,595,272,439
646,69.31,3,0,0,ultimo,596,259,384
519,56.85,2,0,0,ultimo,597,213,304
505,67.6,4,0,0,ultimo,598,200,301
532,63.79,2,1,0,ultimo,599,206,323
564,69.98,4,0,0,ultimo,600,198,362
580,58.65,4,0,0,ultimo,601,252,324
482,63.84,0,1,0,ultimo,602,200,281
566,68.44,1,0,0,ultimo,603,216,349
260,45.06,0,0,0,ultimo,604,146,114
199,40.95,1,0,0,ultimo,605,75,123
206,36.85,0,0,0,ultimo,606,86,120
292,45.98,2,2,0,ultimo,607,115,173
313,52.17,0,0,0,ultimo,608,123,190
401,57.12,1,0,0,ultimo,609,160,240
504,61.02,3,2,0,ultimo,610,171,328
486,59.93,4,0,0,ultimo,611,191,291
418,65.21,5,1,0,ultimo,612,174,238
388,55.27,1,0,0,ultimo,613,132,255
525,59.26,1,0,0,ultimo,614,206,318
303,57.28,1,0,0,ultimo,615,131,171
652,52.24,2,0,0,ultimo,616,310,340
606,61.65,5,0,0,ultimo,617,203,398
530,60.64,3,1,0,ultimo,618,186,340
405,57.77,2,0,0,ultimo,619,157,246
496,60.78,2,0,0,ultimo,620,188,306
472,59.07,2,1,0,ultimo,621,190,279
385,60.53,1,1,0,ultimo,622,160,223
421,58.55,2,0,0,ultimo,623,168,251
432,55.17,1,1,0,ultimo,624,155,275
416,60.47,1,2,0,ultimo,625,165,248
554,63.97,2,1,0,ultimo,626,217,334
653,50.39,1,0,0,ultimo,627,287,365
580,59.98,0,0,0,ultimo,628,259,321
280,57.85,0,0,0,ultimo,629,100,180
500,53.42,6,0,0,ultimo,630,178,316
510,59.1,1,1,0,ultimo,631,228,280
265,56.62,0,0,0,ultimo,632,111,154
378,59.9,2,1,0,ultimo,633,151,224
390,63.0,0,0,0,ultimo,634,164,226
534,62.97,2,1,0,ultimo,635,220,311
455,67.21,2,2,0,ultimo,636,170,281
405,69.47,1,0,0,ultimo,637,157,247
446,71.82,2,1,0,ultimo,638,161,282
398,70.44,2,0,0,ultimo,639,148,248
451,74.92,1,0,0,ultimo,640,210,240
399,56.04,1,1,0,ultimo,641,200,197
418,70.02,1,0,0,ultimo,642,185,232
386,62.36,0,1,0,ultimo,643,165,220
542,75.07,2,1,0,ultimo,644,187,352
850,70.83,2,0,0,ultimo,645,312,536
562,64.08,1,0,0,ultimo,646,199,362
539,70.27,2,2,0,ultimo,647,187,348
621,71.13,0,0,0,ultimo,648,208,413
576,72.27,3,2,0,ultimo,649,169,402
485,72.71,2,2,0,ultimo,650,160,321
656,77.73,3,2,0,ultimo,651,194,457
657,72.44,2,0,0,ultimo,652,209,446
509,74.63,2,0,0,ultimo,653,160,347
543,75.63,1,0,0,ultimo,654,197,345
322,45.93,2,1,0,ultimo,655,150,169
353,46.02,2,0,0,ultimo,656,148,203
555,54.9,4,0,0,ultimo,657,235,316
267,46.19,0,3,0,ultimo,658,123,141
322,53.49,0,0,0,ultimo,659,138,184
244,42.81,0,0,0,ultimo,660,110,134
455,53.22,0,1,0,ultimo,661,193,261
676,56.01,1,1,0,ultimo,662,318,356
460,59.13,4,0,0,ultimo,663,196,260
443,58.99,4,0,0,ultimo,664,191,248
632,61.78,1,0,0,ultimo,665,282,349
536,60.63,5,1,0,ultimo,666,274,256
670,61.58,3,0,0,ultimo,667,289,378
627,51.82,3,0,0,ultimo,668,265,359
588,60.56,1,2,0,ultimo,669,221,364
642,57.17,2,1,0,ultimo,670,245,394
496,60.34,2,0,0,ultimo,671,218,276
548,55.86,2,1,0,ultimo,672,259,286
543,63.21,1,0,0,ultimo,673,242,300
398,53.49,4,1,0,ultimo,674,163,230
479,54.12,3,2,0,ultimo,675,216,258
454,55.1,1,0,0,ultimo,676,187,266
158,44.26,0,0,0,ultimo,677,67,91
480,54.11,1,0,0,ultimo,678,260,219
511,50.69,3,2,0,ultimo,679,248,258
474,50.53,3,0,0,ultimo,680,208,263
507,49.85,2,1,0,ultimo,681,230,274
533,49.03,2,0,0,ultimo,682,250,281
549,48.93,1,0,0,ultimo,683,251,297
310,32.67,0,0,0,ultimo,684,129,181
477,46.58,4,0,0,ultimo,685,219,254
528,47.18,2,0,0,ultimo,686,252,274
545,48.32,3,1,0,ultimo,687,267,274
644,57.76,3,2,0,ultimo,688,294,345
623,52.57,3,0,0,ultimo,689,248,372
483,48.89,2,2,0,ultimo,690,238,241
568,45.88,0,1,0,ultimo,691,262,305
557,47.73,4,1,0,ultimo,692,271,281
481,46.16,2,0,0,ultimo,693,291,188
491,48.61,3,1,0,ultimo,694,208,279
224,44.53,1,0,0,ultimo,695,125,98
284,55.8,0,1,0,ultimo,696,129,154
471,61.09,2,1,0,ultimo,697,199,269
533,65.48,3,0,0,ultimo,698,188,342
456,55.21,3,0,0,ultimo,699,177,276
391,56.42,2,0,0,ultimo,700,133,256
412,56.44,0,0,0,ultimo,701,176,236
371,56.3,3,0,0,ultimo,702,171,197
259,49.62,5,1,0,ultimo,703,113,140
292,43.32,1,0,0,ultimo,704,129,162
391,53.86,0,0,0,ultimo,705,170,221
249,45.27,2,0,0,ultimo,706,117,130
433,55.66,2,1,0,ultimo,707,196,234
326,54.15,2,0,0,ultimo,708,119,205
508,53.36,1,1,0,ultimo,709,221,285
491,59.88,2,0,0,ultimo,710,217,272
453,54.58,2,0,0,ultimo,711,175,276
488,55.2,3,0,0,ultimo,712,254,231
475,58.07,2,1,0,ultimo,713,215,257
428,47.29,4,0,0,ultimo,714,205,219
493,50.67,2,2,0,ultimo,715,227,262
517,52.54,4,2,0,ultimo,716,234,277
527,59.08,0,0,0,ultimo,717,206,321
445,54.33,1,1,0,ultimo,718,200,243
487,56.83,3,1,0,ultimo,719,219,264
521,58.34,0,1,0,ultimo,720,215,305
365,47.96,1,0,0,ultimo,721,155,209
466,53.5,1,1,0,ultimo,722,221,243
494,55.95,2,0,0,ultimo,723,205,287
474,54.42,1,2,0,ultimo,724,219,252
368,50.0,3,2,0,ultimo,725,158,205
312,47.56,2,0,0,ultimo,726,155,155
316,53.02,2,1,0,ultimo,727,158,155
485,54.43,1,0,0,ultimo,728,232,252
362,57.55,0,0,0,ultimo,729,155,207
540,54.55,2,0,0,ultimo,730,234,304
474,57.25,0,0,0,ultimo,731,211,263
385,52.96,4,0,0,ultimo,732,170,211
389,54.71,0,1,0,ultimo,733,197,191
293,56.13,1,0,0,ultimo,734,123,169
249,49.11,1,0,0,ultimo,735,96,152
195,44.42,1,0,0,ultimo,736,82,112
184,42.49,0,0,0,ultimo,737,95,89
253,44.62,2,1,0,ultimo,738,105,145
243,46.29,0,1,0,ultimo,739,102,140
155,36.38,0,0,0,ultimo,740,75,80
241,37.77,0,1,0,ultimo,741,122,118
151,31.01,0,0,0,ultimo,742,85,66
530,46.74,1,1,0,ultimo,743,281,247
107,26.29,1,0,0,ultimo,744,46,60
293,38.1,2,0,0,ultimo,745,137,154
175,41.67,1,0,0,ultimo,746,78,96
164,31.06,0,0,0,ultimo,747,90,74
157,32.57,0,1,0,ultimo,748,66,90
387,49.05,1,0,0,ultimo,749,158,228
273,50.93,1,1,0,ultimo,750,111,160
217,34.44,3,0,0,ultimo,751,105,109
230,39.86,2,2,0,ultimo,752,117,109
377,55.44,0,0,0,ultimo,753,162,215
472,61.62,1,0,0,ultimo,754,227,244
458,55.72,1,0,0,ultimo,755,193,264
412,54.5,4,1,0,ultimo,756,181,226
434,56.51,0,1,0,ultimo,757,204,229
473,50.7,0,1,0,ultimo,758,227,245
692,59.15,0,1,0,ultimo,759,323,368
508,51.68,5,0,0,ultimo,760,260,243
597,51.96,3,0,0,ultimo,761,291,303
573,51.48,3,2,0,ultimo,762,282,286
678,55.21,2,0,0,ultimo,763,275,401
558,50.18,5,1,0,ultimo,764,280,272
680,55.65,5,0,0,ultimo,765,263,412
632,56.23,2,0,0,ultimo,766,310,320
399,49.14,0,4,0,ultimo,767,184,211
492,54.61,2,2,0,ultimo,768,225,263
533,45.32,1,3,0,ultimo,769,259,270
608,51.53,0,1,0,ultimo,770,291,316
570,49.65,2,2,0,ultimo,771,292,274
593,51.7,2,0,0,ultimo,772,307,284
439,56.79,2,0,0,ultimo,773,233,204
380,55.88,0,0,0,ultimo,774,182,198
483,39.79,3,1,0,ultimo,775,243,236
598,48.94,5,0,0,ultimo,777,305,288
599,45.94,0,1,0,ultimo,776,325,273
537,49.0,1,0,0,ultimo,778,263,273
535,47.56,1,1,0,ultimo,779,273,260
629,55.57,4,0,0,ultimo,780,267,358
483,40.62,0,0,0,ultimo,781,220,263
542,48.05,0,1,0,ultimo,782,265,276
433,50.94,3,2,0,ultimo,783,194,234
600,56.98,5,0,0,ultimo,784,265,330
584,52.85,0,2,0,ultimo,785,287,295
384,52.67,4,0,0,ultimo,786,184,196
555,54.79,2,0,0,ultimo,787,240,313
571,53.17,2,1,0,ultimo,788,300,268
539,53.79,3,1,0,ultimo,789,267,268
463,53.84,0,0,0,ultimo,790,225,238
503,55.46,2,2,0,ultimo,791,240,259
581,55.92,2,3,0,ultimo,792,305,271
515,50.24,4,2,0,ultimo,793,232,277
524,50.43,2,3,0,ultimo,794,242,277
721,56.42,4,0,0,ultimo,795,373,344
535,54.98,1,0,0,ultimo,796,265,269
600,55.87,8,0,0,ultimo,797,290,302
494,57.11,1,0,0,ultimo,798,246,247
557,53.4,1,1,0,ultimo,799,244,311
605,60.8,1,2,0,ultimo,800,272,330
722,57.08,2,0,0,ultimo,801,345,375
725,58.0,4,0,0,ultimo,802,377,344
553,59.02,0,0,0,ultimo,803,225,328
478,52.53,4,1,0,ultimo,804,234,239
550,58.02,4,1,0,ultimo,805,240,305
441,59.04,4,0,0,ultimo,806,182,255
534,61.59,1,0,0,ultimo,807,228,305
481,58.8,0,1,0,ultimo,808,230,250
519,55.93,0,0,0,ultimo,809,216,303
383,47.7,4,0,0,ultimo,810,178,201
426,53.05,0,1,0,ultimo,811,202,223
497,59.52,2,0,0,ultimo,812,201,294
394,57.18,1,1,0,ultimo,813,158,234
187,35.96,3,0,0,ultimo,814,73,111
497,53.1,2,0,0,ultimo,815,198,297
428,44.03,2,2,0,ultimo,816,207,217
214,48.09,1,0,0,ultimo,817,80,133
454,56.12,1,0,0,ultimo,818,241,212
627,67.35,1,1,0,ultimo,819,283,342
551,61.91,2,0,0,ultimo,820,225,324
721,69.39,4,0,0,ultimo,821,355,362
690,71.43,3,2,0,ultimo,822,295,390
744,64.19,1,0,0,ultimo,823,355,388
722,57.26,3,1,0,ultimo,824,353,365
681,57.18,2,1,0,ultimo,825,308,370
565,67.83,4,2,0,ultimo,826,203,356
560,66.27,1,1,0,ultimo,827,213,345
330,70.51,1,0,0,ultimo,828,132,197
299,60.04,1,1,0,ultimo,829,129,168
415,74.37,0,2,0,ultimo,830,152,261
535,75.67,5,0,0,ultimo,831,206,324
522,62.51,0,0,0,ultimo,832,296,226
675,72.35,1,1,0,ultimo,833,248,425
374,70.17,2,0,0,ultimo,834,108,264
480,66.85,1,0,0,ultimo,835,153,326
406,64.75,0,0,0,ultimo,836,160,246
554,76.94,1,1,0,ultimo,837,196,356
556,75.54,1,0,0,ultimo,838,186,369
528,71.74,3,0,0,ultimo,839,189,336
261,70.73,0,0,0,ultimo,840,126,135
468,74.29,1,1,0,ultimo,841,157,309
772,66.27,1,1,0,ultimo,842,272,498
505,70.83,0,0,0,ultimo,843,212,293
781,67.97,4,1,0,ultimo,844,354,422
674,73.26,3,1,0,ultimo,845,324,346
507,67.78,1,0,0,ultimo,846,159,347
397,67.52,2,0,0,ultimo,847,133,262
677,67.7,3,3,0,ultimo,848,243,428
885,75.51,5,0,0,ultimo,849,372,508
763,64.88,7,1,0,ultimo,850,328,427
590,71.26,1,1,0,ultimo,851,177,411
504,66.23,3,0,0,ultimo,852,176,325
478,68.19,1,2,0,ultimo,853,226,249
598,67.95,3,0,0,ultimo,854,200,395
560,69.83,2,0,0,ultimo,855,197,361
571,61.13,3,1,0,ultimo,856,235,332
485,68.7,2,0,0,ultimo,857,165,318
498,66.31,3,0,0,ultimo,858,174,321
697,71.41,1,0,0,ultimo,859,291,405
461,26.33,5,2,0,ultimo,860,136,318
570,72.06,3,0,0,ultimo,861,163,404
746,67.27,0,0,0,ultimo,862,302,444
557,69.45,2,1,0,ultimo,863,164,390
616,75.31,1,0,0,ultimo,864,221,394
624,68.87,3,2,0,ultimo,865,182,437
572,73.33,3,0,0,ultimo,866,184,385
437,74.7,24,0,0,ultimo,867,110,303
541,72.62,3,1,0,ultimo,868,177,360
453,73.66,1,1,0,ultimo,870,145,306
588,74.06,1,1,0,ultimo,869,200,386
483,73.07,2,3,0,ultimo,871,161,317
414,70.29,2,0,0,ultimo,872,144,268
787,72.8,1,1,0,ultimo,873,318,467
462,74.52,5,1,0,ultimo,874,171,285
605,66.05,1,1,0,ultimo,875,258,345
625,69.29,0,1,0,ultimo,876,208,416
710,71.21,3,1,0,ultimo,877,241,465
595,67.61,3,2,0,ultimo,878,190,400
562,71.5,1,1,0,ultimo,879,198,362
625,72.93,1,0,0,ultimo,880,188,436
378,69.87,1,0,0,ultimo,881,112,265
387,67.42,1,0,0,ultimo,882,130,256
486,65.68,1,0,0,ultimo,883,167,318
433,67.45,1,1,0,ultimo,884,127,304
420,72.79,1,0,0,ultimo,885,139,280
597,74.44,1,1,0,ultimo,886,238,357
579,74.14,1,1,0,ultimo,887,206,371
570,75.5,0,1,0,ultimo,888,214,355
484,63.94,0,0,0,ultimo,889,168,316
604,73.66,1,0,0,ultimo,890,211,392
571,73.58,1,0,0,ultimo,891,199,371
438,72.28,1,1,0,ultimo,892,162,274
401,67.62,0,1,0,ultimo,893,157,243
555,77.19,2,0,0,ultimo,894,180,373
507,78.0,1,2,0,ultimo,895,171,333
509,73.24,0,2,0,ultimo,896,174,333
456,69.2,2,0,0,ultimo,897,163,291
429,65.6,2,0,0,ultimo,898,148,279
432,69.68,5,0,0,ultimo,899,148,279
404,66.78,1,0,0,ultimo,900,117,286
535,68.5,1,1,0,ultimo,901,200,333
487,68.98,2,1,0,ultimo,902,166,318
501,66.71,5,1,0,ultimo,903,144,351
506,66.93,1,0,0,ultimo,904,177,328
399,70.12,3,0,0,ultimo,905,140,256
548,69.1,0,1,0,ultimo,906,184,363
369,72.64,0,1,0,ultimo,907,131,237
586,70.35,0,0,0,ultimo,908,173,413
459,68.92,1,0,0,ultimo,909,167,291
485,67.17,3,0,0,ultimo,910,180,302
512,68.18,1,0,0,ultimo,911,159,352
625,74.23,3,2,0,ultimo,912,217,403
380,66.43,1,0,0,ultimo,913,126,253
466,68.83,4,0,0,ultimo,914,212,250
574,69.58,6,2,0,ultimo,915,226,340
441,66.62,4,1,0,ultimo,916,145,291
617,67.21,1,0,0,ultimo,917,208,408
382,60.16,1,0,0,ultimo,918,128,253
656,56.8,3,0,0,ultimo,919,237,416
498,64.42,2,0,0,ultimo,920,133,363
557,69.45,1,0,0,ultimo,921,194,362
430,64.86,1,0,0,ultimo,922,107,322
455,68.42,2,0,0,ultimo,924,144,309
437,63.33,3,0,0,ultimo,923,158,276
418,58.79,2,0,0,ultimo,925,116,300
341,58.29,0,0,0,ultimo,926,117,224
347,53.8,0,0,0,ultimo,927,97,250
344,57.43,1,0,0,ultimo,928,134,209
331,62.1,1,0,0,ultimo,929,109,221
500,53.94,0,0,0,ultimo,930,178,322
453,66.72,0,2,0,ultimo,931,173,278
675,61.48,1,1,0,ultimo,932,241,432
458,62.74,2,0,0,ultimo,933,144,312
368,61.85,4,1,0,ultimo,934,154,209
718,63.04,6,0,0,ultimo,935,222,490
547,55.82,2,1,0,ultimo,936,182,362
295,59.36,1,0,0,ultimo,937,85,209
379,63.48,1,0,0,ultimo,938,89,289
245,59.76,1,0,0,ultimo,939,55,189
316,62.33,0,0,0,ultimo,940,90,226
389,63.88,1,1,0,ultimo,941,136,251
507,65.67,6,0,0,ultimo,942,209,292
505,64.17,1,0,0,ultimo,943,212,292
379,67.8,0,1,0,ultimo,944,149,229
410,60.38,1,3,0,ultimo,945,146,260
562,68.45,3,2,0,ultimo,946,215,342
620,65.89,2,3,0,ultimo,947,233,382
634,71.24,2,2,0,ultimo,948,253,377
470,48.25,0,0,0,ultimo,949,210,260
483,66.62,2,1,0,ultimo,950,190,290
422,65.22,4,0,0,ultimo,951,169,249
383,62.58,2,0,0,ultimo,953,135,246
537,68.76,1,0,0,ultimo,954,174,362
570,71.34,0,0,0,ultimo,952,219,351
517,68.57,3,0,0,ultimo,955,161,353
603,68.99,1,0,0,ultimo,956,184,418
460,65.43,3,1,0,ultimo,957,130,326
460,66.76,2,0,0,ultimo,958,133,325
560,67.71,3,1,0,ultimo,959,149,407
511,70.29,1,3,0,ultimo,960,146,361
507,65.59,4,0,0,ultimo,961,124,379
701,73.95,2,1,0,ultimo,962,224,474
478,74.22,3,0,0,ultimo,963,148,327
487,68.59,1,0,0,ultimo,964,154,332
479,71.28,1,0,0,ultimo,965,160,318
646,72.83,2,0,0,ultimo,966,230,414
434,72.09,0,0,0,ultimo,967,131,303
583,72.06,3,0,0,ultimo,968,158,422
641,76.77,1,1,0,ultimo,969,130,509
580,75.42,0,2,0,ultimo,970,196,382
510,73.81,2,2,0,ultimo,971,181,325
643,74.34,3,0,0,ultimo,972,216,424
541,69.72,0,0,0,ultimo,973,163,378
556,72.11,0,0,0,ultimo,974,182,374
637,72.14,4,2,0,ultimo,975,199,432
421,62.84,1,1,0,ultimo,976,151,268
653,72.23,1,1,0,ultimo,977,190,461
519,70.9,1,0,0,ultimo,978,150,368
493,71.04,1,1,0,ultimo,979,132,359
497,70.2,1,0,0,ultimo,980,163,333
504,72.62,0,1,0,ultimo,981,190,313
543,74.28,2,1,0,ultimo,982,163,377
558,74.7,3,1,0,ultimo,983,208,346
434,71.15,1,0,0,ultimo,984,140,293
541,73.61,2,1,0,ultimo,985,170,368
507,69.64,2,0,0,ultimo,986,181,324
367,67.96,1,0,0,ultimo,987,126,240
641,72.1,0,0,0,ultimo,988,203,438
478,68.68,2,1,0,ultimo,989,160,315
418,68.3,2,0,0,ultimo,990,127,289
512,66.67,1,2,0,ultimo,991,139,370
514,66.84,0,0,0,ultimo,992,169,345
491,69.94,1,0,0,ultimo,993,171,319
453,71.34,1,2,0,ultimo,994,168,282
625,72.84,0,0,0,ultimo,995,240,385
536,70.62,1,0,0,ultimo,996,154,381
571,71.82,1,2,0,ultimo,997,167,401
609,71.82,5,1,0,ultimo,998,196,407
485,73.93,2,0,0,ultimo,999,157,326
411,72.11,0,1,0,ultimo,1000,123,287
395,70.79,1,0,0,ultimo,1001,114,280
582,75.88,1,0,0,ultimo,1002,213,368
592,74.0,2,0,0,ultimo,1003,163,427
606,75.56,1,0,0,ultimo,1004,181,424
447,74.25,1,0,0,ultimo,1005,144,302
420,73.94,0,1,0,ultimo,1006,123,296
552,73.4,0,0,0,ultimo,1007,162,390
704,67.82,2,0,0,ultimo,1008,190,512
683,61.2,1,0,0,ultimo,1009,267,415
765,70.38,2,1,0,ultimo,1010,270,492
685,62.96,0,0,0,ultimo,1011,299,386
741,74.1,4,0,0,ultimo,1012,301,436
735,67.68,0,3,0,ultimo,1013,299,433
428,74.69,1,1,0,ultimo,1014,139,287
373,68.44,0,1,0,ultimo,1015,137,235
292,71.92,0,0,0,ultimo,1016,80,212
589,67.08,1,2,0,ultimo,1017,210,376
569,72.58,0,1,0,ultimo,1018,205,363
585,73.86,0,0,0,ultimo,1019,208,377
492,63.81,1,1,0,ultimo,1020,196,294
513,73.5,0,1,0,ultimo,1021,171,341
568,75.23,3,2,0,ultimo,1022,201,362
66,55.46,0,0,0,ultimo,1023,36,30
544,67.16,5,1,0,ultimo,1024,200,338
474,63.12,0,1,0,ultimo,1025,185,288
300,58.59,1,1,0,ultimo,1026,93,205
539,68.4,3,0,0,ultimo,1027,159,377
351,60.73,1,0,0,ultimo,1028,125,225
440,59.38,2,0,0,ultimo,1029,148,290
394,56.69,1,0,0,ultimo,1030,153,240
421,60.75,2,0,0,ultimo,1031,153,266
311,55.14,3,0,0,ultimo,1032,84,224
442,64.71,0,0,0,ultimo,1033,144,298
362,61.36,1,0,0,ultimo,1034,102,259
357,62.63,1,0,0,ultimo,1035,125,231
370,61.16,0,0,0,ultimo,1036,122,248
405,65.43,2,0,0,ultimo,1037,114,289
417,61.69,1,0,0,ultimo,1038,137,279
282,54.55,2,0,0,ultimo,1039,75,205
443,61.36,0,0,1,ultimo,1040,137,305
420,62.78,2,1,0,ultimo,1041,162,255
745,61.62,1,3,0,ultimo,1042,288,453
390,64.46,2,0,0,ultimo,1043,121,267
379,63.48,3,0,0,ultimo,1044,132,244
396,61.11,0,0,0,ultimo,1045,132,264
350,63.75,3,2,0,ultimo,1046,132,213
382,64.31,3,2,0,ultimo,1047,134,243
360,59.11,0,1,0,ultimo,1048,135,224
408,66.89,0,1,0,ultimo,1049,129,278
393,68.59,0,0,0,ultimo,1050,126,267
379,64.13,0,2,0,ultimo,1051,131,246
428,70.74,0,0,0,ultimo,1052,144,284
366,61.1,1,0,0,ultimo,1053,128,237
441,62.64,1,0,0,ultimo,1054,155,285
420,59.32,0,0,0,ultimo,1055,169,251
435,65.02,1,2,0,ultimo,1056,149,283
314,71.2,0,0,0,ultimo,1057,103,211
605,71.6,3,0,0,ultimo,1058,211,391
737,72.97,1,0,0,ultimo,1059,378,358
602,66.96,0,0,0,ultimo,1060,208,394
430,63.14,1,0,0,ultimo,1061,148,281
398,54.45,3,0,0,ultimo,1062,127,268
454,60.21,2,0,0,ultimo,1063,124,328
494,68.8,0,1,0,ultimo,1064,152,341
463,71.01,3,2,0,ultimo,1065,137,321
640,73.06,2,2,0,ultimo,1066,251,385
496,67.57,3,0,0,ultimo,1067,153,340
314,68.26,2,1,0,ultimo,1068,112,199
387,66.04,1,0,0,ultimo,1069,149,237
225,46.68,0,0,0,ultimo,1070,93,132
505,63.76,0,3,0,ultimo,1071,191,311
570,69.6,0,1,0,ultimo,1072,203,366
216,45.09,2,0,0,ultimo,1073,72,142
727,69.24,2,1,0,ultimo,1074,317,407
284,15.76,1,1,0,ultimo,1075,113,169
565,62.85,0,0,0,ultimo,1076,219,346
615,66.27,2,0,0,ultimo,1077,177,436
418,71.33,0,0,0,ultimo,1078,145,273
474,63.37,1,1,0,ultimo,1079,172,300
442,60.55,1,1,0,ultimo,1080,138,302
343,61.14,0,0,0,ultimo,1081,114,229
468,71.34,2,1,0,ultimo,1082,157,308
469,68.47,0,1,0,ultimo,1083,159,309
314,49.06,0,0,0,ultimo,1084,142,172
479,63.61,2,2,0,ultimo,1085,184,291
352,62.63,3,0,0,ultimo,1086,135,214
498,68.5,2,2,0,ultimo,1087,184,310
354,55.05,1,0,0,ultimo,1088,133,220
317,50.08,1,2,0,ultimo,1089,123,191
294,51.49,2,2,0,ultimo,1090,127,163
423,69.69,1,1,0,ultimo,1091,137,284
403,66.5,2,0,0,ultimo,1092,98,303
494,73.29,3,0,0,ultimo,1093,113,378
536,73.02,0,1,0,ultimo,1094,152,383
626,71.38,2,0,0,ultimo,1095,176,448
567,68.89,0,0,0,ultimo,1096,216,351
448,71.0,3,0,0,ultimo,1097,144,301
553,71.35,3,2,0,ultimo,1098,192,356
540,73.67,2,2,0,ultimo,1099,224,312
622,71.33,6,0,0,ultimo,1100,210,406
385,69.24,0,1,0,ultimo,1101,140,244
617,68.86,2,3,0,ultimo,1102,192,420
605,76.2,0,0,0,ultimo,1103,241,364
634,74.85,1,0,0,ultimo,1104,252,381
581,72.63,1,5,0,ultimo,1105,201,374
416,66.03,0,1,0,ultimo,1106,134,281
539,68.4,2,0,0,ultimo,1107,198,339
538,72.6,2,0,0,ultimo,1108,169,367
455,73.15,0,1,0,ultimo,1109,144,310
560,69.57,2,0,0,ultimo,1110,203,355
481,72.77,1,0,0,ultimo,1111,175,305
674,71.02,2,0,0,ultimo,1112,289,383
542,69.49,2,1,0,ultimo,1113,213,326
599,65.46,0,0,0,ultimo,1114,249,350
514,62.0,2,1,0,ultimo,1115,165,346
479,69.02,0,0,0,ultimo,1116,171,308
516,70.98,0,3,0,ultimo,1117,153,360
513,70.47,2,0,0,ultimo,1118,205,306
485,69.48,1,0,0,ultimo,1119,186,298
402,63.21,0,1,0,ultimo,1120,180,221
430,66.87,1,0,0,ultimo,1121,141,288
345,65.59,0,1,0,ultimo,1122,136,208
559,69.44,0,0,0,ultimo,1123,197,362
587,69.8,0,0,0,ultimo,1124,235,352
608,67.18,3,1,0,ultimo,1125,282,322
586,68.78,1,0,0,ultimo,1126,290,295
97,51.32,0,0,0,ultimo,1127,46,51
525,62.72,2,1,0,ultimo,1128,216,306
366,54.87,1,0,0,ultimo,1129,139,226
493,66.71,3,0,0,ultimo,1130,208,282
516,65.07,1,0,0,ultimo,1131,192,323
353,59.53,0,2,0,ultimo,1132,135,216
293,55.92,1,0,0,ultimo,1133,124,168
337,60.5,2,0,0,ultimo,1134,119,216
297,55.31,0,0,0,ultimo,1135,131,166
605,68.05,2,0,0,ultimo,1136,231,372
522,68.87,1,0,0,ultimo,1137,224,297
557,68.6,0,1,0,ultimo,1138,220,336
419,68.24,3,0,0,ultimo,1139,129,287
427,64.5,0,1,0,ultimo,1140,165,261
487,73.23,3,0,0,ultimo,1141,160,324
414,64.99,1,0,0,ultimo,1142,155,258
445,63.03,0,0,0,ultimo,1143,170,275
604,69.43,4,0,0,ultimo,1144,232,368
396,72.66,0,0,0,ultimo,1145,143,253
395,67.64,2,0,0,ultimo,1146,153,240
352,63.77,0,2,0,ultimo,1147,129,221
372,64.36,0,0,0,ultimo,1149,144,228
524,72.78,2,0,0,ultimo,1148,193,329
478,65.39,0,1,0,ultimo,1150,165,312
498,66.94,1,1,0,ultimo,1151,176,320
755,66.99,3,3,0,ultimo,1152,291,458
736,59.55,0,1,0,ultimo,1153,282,453
449,55.5,2,0,0,ultimo,1154,214,233
620,53.22,2,3,0,ultimo,1155,269,346
634,60.79,2,0,0,ultimo,1156,307,325
487,58.6,0,2,0,ultimo,1157,187,298
722,63.61,1,1,0,ultimo,1158,230,490
595,66.78,1,1,0,ultimo,1159,247,346
766,59.06,3,0,0,ultimo,1160,333,430
859,64.68,1,1,0,ultimo,1161,397,460
751,64.3,1,3,0,ultimo,1162,256,491
462,61.27,1,0,0,ultimo,1163,173,288
584,68.07,2,0,0,ultimo,1164,194,388
578,61.16,2,0,0,ultimo,1165,233,343
636,58.83,4,0,0,ultimo,1166,288,344
511,60.98,0,0,0,ultimo,1167,224,287
680,63.97,1,1,0,ultimo,1168,255,423
668,66.2,2,0,0,ultimo,1169,300,366
573,60.25,2,1,0,ultimo,1170,228,342
623,62.87,1,2,0,ultimo,1171,227,393
582,60.82,0,1,0,ultimo,1172,250,331
621,63.5,2,0,0,ultimo,1173,255,364
597,66.85,0,0,0,ultimo,1174,266,331
479,65.35,0,2,0,ultimo,1175,187,290
428,73.04,1,0,0,ultimo,1176,176,251
646,67.79,4,0,0,ultimo,1177,265,377
517,61.84,2,1,0,ultimo,1178,191,323
466,64.45,3,0,0,ultimo,1179,171,292
522,64.84,1,1,0,ultimo,1180,229,291
360,68.57,3,0,0,ultimo,1181,134,223
396,66.55,0,0,0,ultimo,1182,161,235
507,69.07,1,0,0,ultimo,1183,198,308
477,67.28,0,0,0,ultimo,1184,213,264
657,66.3,1,0,0,ultimo,1185,276,380
517,48.77,0,0,0,ultimo,1186,230,287
623,61.93,0,2,0,ultimo,1187,256,365
662,59.27,1,0,0,ultimo,1188,323,338
567,58.27,3,1,0,ultimo,1189,238,325
609,56.39,2,1,0,ultimo,1190,256,350
779,62.92,2,2,0,ultimo,1191,346,429
672,57.44,0,0,0,ultimo,1192,287,385
455,55.56,1,0,0,ultimo,1193,174,280
306,58.06,3,0,0,ultimo,1194,167,136
196,51.85,0,1,0,ultimo,1195,100,95
539,62.97,1,1,0,ultimo,1196,239,298
564,63.02,0,0,0,ultimo,1197,279,285
602,59.78,4,1,0,ultimo,1198,278,319
834,69.04,1,1,0,ultimo,1199,348,484
631,59.7,7,0,0,ultimo,1200,287,337
706,59.08,5,1,0,ultimo,1201,299,401
558,58.19,2,0,0,ultimo,1202,243,313
542,59.63,4,0,0,ultimo,1203,261,277
599,57.05,1,1,0,ultimo,1204,288,309
677,53.99,2,0,0,ultimo,1205,294,381
383,41.18,2,0,0,ultimo,1206,204,177
859,68.01,5,2,0,ultimo,1207,410,442
639,58.62,2,0,0,ultimo,1208,283,354
463,57.02,2,2,0,ultimo,1209,247,212
402,56.62,1,0,0,ultimo,1210,208,193
707,63.24,5,2,0,ultimo,1211,289,411
622,61.04,5,0,0,ultimo,1212,251,366
392,53.41,0,0,0,ultimo,1213,175,217
673,56.27,5,0,0,ultimo,1214,328,340
649,53.33,1,0,0,ultimo,1215,274,374
701,65.27,2,1,0,ultimo,1216,325,373
593,65.67,3,0,0,ultimo,1217,137,453
555,68.01,1,0,0,ultimo,1218,305,249
735,65.92,1,2,0,ultimo,1219,354,378
541,62.47,2,1,0,ultimo,1220,121,417
573,72.99,1,1,0,ultimo,1221,145,426
471,73.82,0,0,0,ultimo,1222,117,354
394,63.96,0,0,0,ultimo,1224,122,272
448,63.01,1,0,0,ultimo,1223,140,307
263,61.59,2,0,0,ultimo,1225,70,191
484,69.24,2,0,0,ultimo,1226,124,358
348,71.46,4,0,0,ultimo,1227,84,260
620,71.59,4,0,0,ultimo,1228,213,403
420,67.42,1,0,0,ultimo,1229,127,292
548,55.13,2,0,0,ultimo,1230,128,418
269,60.86,1,0,0,ultimo,1231,66,202
577,61.25,1,2,0,ultimo,1232,137,437
393,59.19,0,0,0,ultimo,1233,116,277
409,64.61,0,0,0,ultimo,1234,130,279
496,64.67,1,1,0,ultimo,1235,163,331
553,69.3,2,0,0,ultimo,1236,145,406
473,69.15,3,0,0,ultimo,1237,139,331
540,69.41,5,0,0,ultimo,1238,172,363
537,68.85,1,0,0,ultimo,1239,179,357
767,70.63,1,1,0,ultimo,1240,236,529
417,75.96,1,1,0,ultimo,1241,153,262
607,73.13,5,0,0,ultimo,1242,196,406
510,76.35,2,0,0,ultimo,1243,160,348
443,62.57,1,0,0,ultimo,1244,108,334
425,59.77,0,0,0,ultimo,1245,133,292
274,53.83,0,1,0,ultimo,1246,81,192
489,65.81,0,0,0,ultimo,1247,68,421
338,56.43,1,2,0,ultimo,1248,117,218
577,69.43,3,0,0,ultimo,1250,165,409
604,68.87,4,0,0,ultimo,1249,160,440
289,66.44,0,0,0,ultimo,1251,99,190
475,64.45,0,1,0,ultimo,1252,159,315
488,72.62,2,1,0,ultimo,1253,141,344
368,67.15,1,0,0,ultimo,1254,102,265
511,64.12,3,0,0,ultimo,1256,120,388
425,61.86,0,0,0,ultimo,1255,97,328
584,72.01,1,0,0,ultimo,1258,128,455
540,68.1,0,1,0,ultimo,1257,100,439
629,75.6,1,0,0,ultimo,1259,103,525
697,79.11,1,1,0,ultimo,1260,161,534
413,63.83,1,0,0,ultimo,1262,104,308
395,71.69,1,0,0,ultimo,1261,177,217
682,73.65,0,1,0,ultimo,1263,160,521
402,73.76,0,2,0,ultimo,1264,98,302
378,63.42,0,2,0,ultimo,1265,102,274
443,62.57,1,0,0,ultimo,1266,120,322
440,71.2,1,1,0,ultimo,1267,102,336
465,67.78,1,1,0,ultimo,1268,150,313
637,68.72,1,2,0,ultimo,1269,186,448
561,52.58,3,1,0,ultimo,1270,269,288
626,68.42,2,1,0,ultimo,1271,199,424
523,68.1,1,0,2,ultimo,1272,168,352
317,58.49,3,1,0,ultimo,1273,136,177
460,65.9,1,0,0,ultimo,1274,127,332
350,68.63,2,1,0,ultimo,1275,100,247
508,74.16,0,0,0,ultimo,1276,112,396
480,65.66,5,1,0,ultimo,1277,125,349
528,68.66,3,0,0,ultimo,1278,154,371
395,72.08,4,1,0,ultimo,1279,131,259
515,73.26,2,0,0,ultimo,1280,191,322
610,73.14,2,2,0,ultimo,1281,188,418
423,66.3,1,0,0,ultimo,1282,99,323
423,66.82,2,0,0,ultimo,1283,126,295
656,73.46,2,0,0,ultimo,1284,237,417
475,72.85,3,18,0,ultimo,1285,142,312
473,69.76,3,1,0,ultimo,1286,114,355
530,69.28,2,1,0,ultimo,1287,170,357
388,70.29,1,0,0,ultimo,1289,118,269
528,71.16,2,1,0,ultimo,1288,162,363
420,70.59,2,0,0,ultimo,1290,155,263
395,62.01,2,2,0,ultimo,1292,138,253
356,60.44,1,0,0,ultimo,1291,117,238
356,59.93,0,0,0,ultimo,1293,136,220
98,24.62,0,0,0,ultimo,1294,53,45
544,64.3,2,0,0,ultimo,1295,141,401
303,70.96,2,0,0,ultimo,1296,81,220
284,65.14,0,0,0,ultimo,1297,67,217
462,61.44,4,0,0,ultimo,1299,175,283
490,41.42,2,0,0,ultimo,1298,172,316
469,64.78,0,0,0,ultimo,1301,175,294
352,59.56,0,2,0,ultimo,1302,126,224
346,59.04,0,0,0,ultimo,1300,143,203
424,60.92,4,0,0,ultimo,1303,132,288
489,67.36,1,0,0,ultimo,1304,186,302
349,56.84,4,1,0,ultimo,1305,168,176
422,56.49,1,1,0,ultimo,1306,180,240
550,62.64,3,1,0,ultimo,1307,222,324
404,50.63,0,1,0,ultimo,1308,220,183
400,61.26,2,2,0,ultimo,1309,145,251
584,64.32,5,2,0,ultimo,1310,234,343
330,71.74,1,0,0,ultimo,1311,102,227
391,70.71,2,0,0,ultimo,1312,160,229
515,71.93,1,0,0,ultimo,1313,177,337
425,72.77,3,1,0,ultimo,1314,139,282
573,72.53,0,1,0,ultimo,1315,200,372
510,61.67,1,0,0,ultimo,1316,200,309
347,59.93,1,0,0,ultimo,1317,123,223
384,56.97,0,1,0,ultimo,1318,182,201
447,61.74,0,0,0,ultimo,1319,175,272
329,57.22,0,0,0,ultimo,1320,135,194
344,62.89,1,0,0,ultimo,1321,135,208
496,69.18,0,1,0,ultimo,1322,188,307
375,65.91,2,0,0,ultimo,1323,143,230
309,55.98,3,0,0,ultimo,1324,121,185
455,69.57,1,1,0,ultimo,1325,165,288
451,59.97,1,0,0,ultimo,1326,147,303
407,60.21,3,0,0,ultimo,1327,157,247
448,63.91,0,1,0,ultimo,1328,164,283
364,62.54,1,2,0,ultimo,1329,137,224
304,55.27,3,0,0,ultimo,1330,114,187
382,60.16,1,0,0,ultimo,1331,155,226
430,57.26,0,0,0,ultimo,1332,165,265
250,55.07,2,0,0,ultimo,1333,103,145
406,66.56,2,0,0,ultimo,1334,144,260
332,56.56,2,0,0,ultimo,1335,128,202
399,61.2,0,0,0,ultimo,1336,157,242
374,60.71,1,1,0,ultimo,1337,141,231
405,58.02,0,1,0,ultimo,1338,163,241
444,58.04,2,1,0,ultimo,1339,170,271
276,59.1,0,0,0,ultimo,1340,107,169
257,48.77,2,1,0,ultimo,1341,97,157
304,51.18,0,0,0,ultimo,1342,140,164
355,55.47,2,1,0,ultimo,1343,121,231
271,46.64,0,0,0,ultimo,1344,96,175
287,45.56,0,0,0,ultimo,1345,111,176
428,55.51,1,1,0,ultimo,1346,181,245
337,48.28,2,0,0,ultimo,1347,128,207
465,55.76,1,2,0,ultimo,1348,197,265
440,61.62,2,2,0,ultimo,1349,188,248
431,52.37,0,0,0,ultimo,1350,178,253
370,52.11,1,0,0,ultimo,1351,161,208
301,51.72,3,2,0,ultimo,1352,117,179
263,45.34,1,0,0,ultimo,1353,94,168
391,67.53,0,0,0,ultimo,1354,170,221
465,56.5,0,1,0,ultimo,1355,177,287
400,73.66,1,0,0,ultimo,1356,149,250
387,73.3,2,0,0,ultimo,1357,144,241
552,73.9,0,0,0,ultimo,1358,218,334
510,64.56,3,1,0,ultimo,1359,191,315
538,67.42,2,0,0,ultimo,1360,186,350
520,73.45,2,1,0,ultimo,1361,159,358
537,69.2,4,1,0,ultimo,1362,177,355
453,63.18,1,0,0,ultimo,1363,171,281
340,61.04,1,0,0,ultimo,1364,121,218
359,66.48,0,1,0,ultimo,1365,111,247
451,65.36,4,0,0,ultimo,1366,141,306
517,68.93,1,1,0,ultimo,1367,184,331
522,69.88,0,0,0,ultimo,1368,192,330
552,74.19,1,0,0,ultimo,1369,192,359
497,73.74,2,1,0,ultimo,1370,148,346
498,67.76,2,1,0,ultimo,1371,166,329
516,68.25,2,1,0,ultimo,1372,154,359
647,71.02,2,1,0,ultimo,1373,265,379
660,72.45,1,1,0,ultimo,1374,241,417
611,75.43,3,0,0,ultimo,1375,225,383
590,75.06,2,1,0,ultimo,1376,206,381
593,68.95,1,1,0,ultimo,1377,207,384
473,68.85,1,0,0,ultimo,1378,143,329
491,68.86,1,0,0,ultimo,1379,176,314
484,68.36,0,0,0,ultimo,1380,204,280
529,76.01,3,0,0,ultimo,1381,236,290
428,60.37,2,0,0,ultimo,1382,186,240
507,67.33,1,0,0,ultimo,1383,191,315
414,70.53,0,1,0,ultimo,1384,138,275
455,72.8,0,0,0,ultimo,1385,162,293
540,68.1,0,0,0,ultimo,1386,184,356
505,68.24,1,0,0,ultimo,1387,200,304
435,61.44,2,0,0,ultimo,1388,136,297
434,67.18,0,2,0,ultimo,1389,134,298
497,70.2,1,0,0,ultimo,1390,163,333
617,74.07,2,1,0,ultimo,1391,187,427
583,78.36,1,3,0,ultimo,1392,189,390
608,78.05,2,0,0,ultimo,1393,222,384
586,75.22,2,1,0,ultimo,1394,178,405
562,71.78,1,2,0,ultimo,1395,187,372
439,71.73,1,1,0,ultimo,1396,133,304
601,71.38,1,1,0,ultimo,1397,236,363
591,73.69,0,0,0,ultimo,1398,156,435
568,74.15,1,1,0,ultimo,1399,197,369
443,72.03,2,0,0,ultimo,1400,127,314
604,70.48,4,1,0,ultimo,1401,199,400
616,71.88,3,0,0,ultimo,1402,176,437
563,76.49,2,2,0,ultimo,1403,176,383
677,70.45,0,2,0,ultimo,1404,227,448
562,75.74,4,0,0,ultimo,1405,173,385
584,73.0,1,0,0,ultimo,1406,195,388
421,75.04,0,0,0,ultimo,1407,134,287
501,74.11,0,2,0,ultimo,1408,182,317
478,71.24,1,0,0,ultimo,1409,149,328
546,66.18,2,0,0,ultimo,1410,196,348
365,67.72,2,0,0,ultimo,1411,99,264
576,67.53,2,1,0,ultimo,1412,201,372
643,64.43,0,1,0,ultimo,1413,226,416
607,64.23,3,0,0,ultimo,1414,232,372
876,68.38,1,1,0,ultimo,1415,386,488
554,62.18,3,2,0,ultimo,1416,185,364
439,64.65,2,0,0,ultimo,1417,154,283
622,70.84,1,0,0,ultimo,1418,225,396
539,67.12,1,0,0,ultimo,1419,169,369
542,68.26,2,3,0,ultimo,1420,181,356
381,68.28,1,1,0,ultimo,1421,112,267
559,51.28,0,0,0,ultimo,1422,149,410
436,71.36,4,0,0,ultimo,1423,137,295
392,51.24,0,0,0,ultimo,1424,137,255
441,63.64,3,1,0,ultimo,1425,143,294
448,72.03,0,0,0,ultimo,1426,138,310
550,72.56,1,0,0,ultimo,1427,150,399
651,73.81,1,0,0,ultimo,1428,233,417
602,69.92,2,0,0,ultimo,1429,184,416
537,69.56,3,1,0,ultimo,1430,171,362
551,71.93,1,0,0,ultimo,1431,169,381
534,66.34,0,1,0,ultimo,1432,164,369
402,74.03,0,0,0,ultimo,1433,91,311
453,64.26,0,0,0,ultimo,1434,155,298
498,71.55,4,2,0,ultimo,1435,137,355
450,68.81,1,0,0,ultimo,1436,158,291
598,67.42,0,0,0,ultimo,1437,204,394
589,73.72,0,0,0,ultimo,1438,177,412
507,67.51,0,0,0,ultimo,1439,179,328
551,71.84,0,0,0,ultimo,1440,209,342
509,66.45,3,1,0,ultimo,1441,158,347
512,70.04,0,2,0,ultimo,1442,165,345
478,69.08,1,1,0,ultimo,1443,161,315
452,67.26,1,0,0,ultimo,1444,119,332
598,70.94,1,0,0,ultimo,1445,184,413
691,70.08,3,0,0,ultimo,1446,219,469
409,76.02,1,1,0,ultimo,1447,132,275
662,72.67,2,0,0,ultimo,1448,225,435
463,67.99,2,0,0,ultimo,1449,151,310
409,73.69,1,0,0,ultimo,1450,154,254
679,72.62,5,1,0,ultimo,1451,249,424
613,71.7,1,1,0,ultimo,1452,195,416
656,71.23,3,1,0,ultimo,1453,240,412
486,72.86,0,0,0,ultimo,1454,207,279
443,68.15,1,0,0,ultimo,1456,157,285
632,71.41,2,0,0,ultimo,1455,229,401
588,70.0,1,0,0,ultimo,1457,232,355
634,70.06,1,4,0,ultimo,1458,243,386
672,72.41,0,1,0,ultimo,1459,293,378
623,70.96,3,0,0,ultimo,1460,297,323
369,64.85,0,0,0,ultimo,1461,151,218
569,75.97,1,0,0,ultimo,1462,245,323
553,70.27,2,0,0,ultimo,1463,222,329
539,75.07,0,0,0,ultimo,1464,258,281
618,69.36,2,0,0,ultimo,1465,239,377
655,73.68,2,1,0,ultimo,1466,251,401
450,73.77,1,0,1,ultimo,1467,162,286
556,70.2,1,1,0,ultimo,1468,184,370
440,68.97,0,1,0,ultimo,1469,153,286
462,61.52,0,1,0,ultimo,1470,143,318
459,62.28,0,1,0,ultimo,1471,173,285
605,72.89,2,0,0,ultimo,1472,236,367
601,75.13,1,2,0,ultimo,1473,252,346
454,75.92,1,1,0,ultimo,1474,163,289
457,74.31,1,0,0,ultimo,1475,188,268
423,69.57,5,0,0,ultimo,1476,151,267
510,76.23,2,1,0,ultimo,1477,189,318
327,67.56,0,0,0,ultimo,1478,159,168
469,72.04,3,1,0,ultimo,1479,132,333
714,77.69,1,0,0,ultimo,1480,269,444
603,77.31,2,1,0,ultimo,1481,194,406
618,73.48,2,0,0,ultimo,1482,186,430
332,54.7,1,3,0,ultimo,1483,110,218
578,71.09,1,1,0,ultimo,1484,157,419
476,67.23,0,0,0,ultimo,1485,133,343
426,72.7,2,0,0,ultimo,1487,134,290
399,57.16,1,0,0,ultimo,1486,133,265
513,69.61,2,1,0,ultimo,1488,185,325
411,66.4,1,0,0,ultimo,1489,104,306
596,76.61,1,1,0,ultimo,1490,163,431
461,67.4,0,1,0,ultimo,1491,134,326
571,70.41,2,2,0,ultimo,1492,169,398
598,78.07,1,1,0,ultimo,1493,173,423
489,71.6,1,0,0,ultimo,1494,160,328
618,72.71,0,1,0,ultimo,1495,180,437
603,70.2,1,0,0,ultimo,1496,186,416
565,71.88,3,0,0,ultimo,1497,179,383
537,68.23,2,1,0,ultimo,1498,182,352
454,64.86,4,0,0,ultimo,1499,181,269
522,68.68,1,0,0,ultimo,1500,150,371
502,72.13,0,0,0,ultimo,1501,196,306
480,74.77,1,0,0,ultimo,1502,158,321
393,72.38,0,1,0,ultimo,1503,133,259
501,67.25,3,0,0,ultimo,1504,153,345
658,79.66,2,0,0,ultimo,1505,217,439
858,72.16,0,0,0,ultimo,1506,299,559
937,74.9,2,4,0,ultimo,1507,309,622
822,74.66,4,0,0,ultimo,1508,311,507
696,73.19,1,1,0,ultimo,1509,320,374
757,74.51,1,1,0,ultimo,1510,246,509
569,77.73,4,1,0,ultimo,1511,208,356
494,73.62,1,0,0,ultimo,1512,249,244
692,72.61,2,0,0,ultimo,1513,237,453
523,72.74,1,0,0,ultimo,1514,192,330
560,76.4,1,0,0,ultimo,1515,249,310
547,71.22,2,0,0,ultimo,1516,216,329
396,72.53,1,0,0,ultimo,1517,157,238
739,73.1,0,0,2,ultimo,1518,261,476
686,73.76,0,1,0,ultimo,1519,278,407
437,75.34,1,0,0,ultimo,1520,165,271
541,71.94,0,2,0,ultimo,1521,228,311
275,72.18,0,1,0,ultimo,1522,89,185
615,77.55,0,2,0,ultimo,1523,217,396
806,78.33,2,1,0,ultimo,1524,274,529
671,77.22,2,0,0,ultimo,1525,224,445
591,73.23,4,0,0,ultimo,1526,206,381
451,73.69,1,0,0,ultimo,1527,180,270
591,75.48,2,3,0,ultimo,1528,193,393
421,72.71,1,0,0,ultimo,1529,172,248
517,75.36,2,0,0,ultimo,1530,192,323
451,77.76,0,0,0,ultimo,1531,167,284
555,75.82,1,1,1,ultimo,1532,178,374
630,73.51,0,1,0,ultimo,1533,186,443
661,73.69,3,0,0,ultimo,1534,226,432
487,72.04,3,2,0,ultimo,1535,155,327
308,67.25,1,0,0,ultimo,1536,168,139
513,76.34,1,1,0,ultimo,1537,187,324
568,75.83,0,0,0,ultimo,1538,204,364
496,73.26,1,0,0,ultimo,1539,174,321
532,74.72,1,0,0,ultimo,1540,171,360
477,78.2,1,1,0,ultimo,1541,201,274
485,74.05,0,2,0,ultimo,1542,204,279
539,69.37,2,0,0,ultimo,1543,220,317
564,80.0,0,0,0,ultimo,1544,209,355
833,76.56,2,2,0,ultimo,1545,256,573
601,76.66,2,0,0,ultimo,1546,207,392
645,78.37,0,0,0,ultimo,1547,192,453
646,72.18,2,1,0,ultimo,1548,233,410
528,70.59,0,0,0,ultimo,1549,184,344
457,76.04,0,1,0,ultimo,1550,185,271
603,80.4,1,0,0,ultimo,1551,227,375
628,71.44,0,0,0,ultimo,1552,254,374
679,74.13,2,0,0,ultimo,1553,219,458
258,55.84,1,0,0,ultimo,1554,159,98
350,60.66,1,1,0,ultimo,1555,157,191
422,53.83,2,0,0,ultimo,1556,201,219
792,67.87,0,3,0,ultimo,1557,293,496
703,75.19,0,2,0,ultimo,1558,234,467
702,69.09,3,2,0,ultimo,1559,230,467
34,66.67,0,0,0,ultimo,1560,18,16
407,70.78,4,0,0,ultimo,1561,176,227
469,78.3,1,0,0,ultimo,1562,214,254
316,68.1,0,0,0,ultimo,1563,177,139
716,75.69,2,3,0,ultimo,1564,365,346
521,73.69,1,0,0,ultimo,1565,277,243
571,71.2,2,0,0,ultimo,1566,316,253
552,70.77,2,0,0,ultimo,1567,234,316
580,71.96,0,0,0,ultimo,1568,257,323
644,75.06,1,2,0,ultimo,1569,246,395
422,69.75,1,0,0,ultimo,1570,149,272
465,71.43,1,0,0,ultimo,1571,174,290
623,68.76,1,0,0,ultimo,1572,235,387
616,66.88,1,1,0,ultimo,1573,241,373
429,62.72,1,1,0,ultimo,1574,121,306
547,68.46,2,0,0,ultimo,1575,185,360
338,60.14,2,1,0,ultimo,1576,122,213
602,64.25,4,1,0,ultimo,1577,186,411
315,44.49,3,1,0,ultimo,1578,135,176
381,45.9,2,0,0,ultimo,1579,175,204
261,44.31,3,0,0,ultimo,1580,84,174
380,51.84,0,1,0,ultimo,1581,159,220
304,45.99,2,0,0,ultimo,1582,120,182
304,50.41,0,0,0,ultimo,1583,107,197
541,66.3,0,1,0,ultimo,1584,253,287
439,60.72,1,0,0,ultimo,1585,161,277
435,60.0,1,0,0,ultimo,1586,201,233
350,49.5,1,0,0,ultimo,1587,162,187
340,54.31,2,2,0,ultimo,1588,131,205
477,53.24,1,0,0,ultimo,1589,186,290
556,55.71,1,0,0,ultimo,1591,239,316
426,52.92,1,1,0,ultimo,1590,187,237
611,65.49,1,1,0,ultimo,1592,254,355
465,71.65,1,0,0,ultimo,1593,186,278
590,71.52,0,1,2,ultimo,1594,234,353
680,67.13,3,0,0,ultimo,1595,216,461
523,58.18,2,0,0,ultimo,1596,224,297
814,63.99,2,1,0,ultimo,1597,361,450
546,67.66,3,0,0,ultimo,1598,222,321
657,70.49,0,0,0,ultimo,1599,260,397
488,69.71,1,1,0,ultimo,1600,204,282
433,76.23,1,0,0,ultimo,1601,165,267
329,57.12,0,0,0,ultimo,1602,132,197
931,75.08,1,0,0,ultimo,1603,391,539
64,62.14,0,0,0,ultimo,1604,37,27
870,73.42,1,1,0,ultimo,1605,348,520
640,72.23,1,0,0,ultimo,1606,269,370
734,73.03,4,0,0,ultimo,1607,300,430
613,77.11,2,1,0,ultimo,1608,277,333
631,75.93,2,1,0,ultimo,1609,195,433
611,75.06,1,4,0,ultimo,1610,228,378
346,53.81,4,0,0,ultimo,1611,149,193
444,63.7,3,1,0,ultimo,1612,152,288
415,64.64,1,0,0,ultimo,1613,123,291
412,68.1,3,0,0,ultimo,1614,148,261
329,59.17,1,2,0,ultimo,1615,115,211
475,68.35,2,3,0,ultimo,1616,127,343
343,53.59,0,0,0,ultimo,1617,122,221
234,43.25,3,1,0,ultimo,1618,110,120
362,40.54,1,1,0,ultimo,1619,163,197
842,63.21,6,2,0,ultimo,1620,314,520
435,52.79,3,0,0,ultimo,1621,161,271
247,45.4,0,0,0,ultimo,1622,129,118
570,66.67,1,2,0,ultimo,1623,197,370
655,55.65,2,0,0,ultimo,1624,314,339
361,46.1,2,2,0,ultimo,1625,150,207
608,68.86,3,0,0,ultimo,1626,206,399
640,68.97,0,3,0,ultimo,1627,184,453
597,71.93,1,0,0,ultimo,1628,221,375
585,64.86,0,1,0,ultimo,1629,214,370
599,76.02,1,0,0,ultimo,1630,242,356
690,71.21,2,1,0,ultimo,1631,276,411
756,75.6,0,0,0,ultimo,1632,292,464
658,74.52,1,2,0,ultimo,1633,244,411
686,73.92,3,0,0,ultimo,1634,244,439
740,72.76,1,1,0,ultimo,1635,286,452
670,74.2,2,2,0,ultimo,1636,270,396
373,66.97,0,1,0,ultimo,1637,159,213
515,78.27,0,1,0,ultimo,1638,179,335
510,71.13,1,0,0,ultimo,1639,199,310
466,77.54,1,1,0,ultimo,1640,194,270
283,57.52,0,0,0,ultimo,1641,100,183
319,64.57,0,0,0,ultimo,1642,116,203
512,71.91,1,0,0,ultimo,1643,266,245
560,71.25,0,2,0,ultimo,1644,234,324
525,70.75,2,2,0,ultimo,1645,192,329
333,68.94,1,1,0,ultimo,1646,97,234
291,66.29,1,0,0,ultimo,1647,98,192
538,71.54,0,0,0,ultimo,1648,212,326
567,69.91,1,1,0,ultimo,1649,198,367
697,68.27,0,1,0,ultimo,1650,288,408
604,71.23,2,1,0,ultimo,1651,190,411
831,70.54,2,1,0,ultimo,1652,308,520
776,73.98,3,1,0,ultimo,1653,297,475
393,72.78,1,0,0,ultimo,1654,161,231
505,78.05,0,0,0,ultimo,1655,156,349
484,70.97,2,0,0,ultimo,1656,151,331
460,70.02,3,0,0,ultimo,1657,171,286
484,72.89,0,0,0,ultimo,1658,180,304
471,73.14,1,0,0,ultimo,1659,175,295
352,70.82,1,0,0,ultimo,1660,146,205
397,69.41,0,0,0,ultimo,1661,169,228
434,70.34,0,0,0,ultimo,1662,158,276
410,73.87,1,0,0,ultimo,1663,180,229
577,72.85,3,0,0,ultimo,1664,254,320
488,77.46,3,0,0,ultimo,1665,187,298
459,71.61,1,0,0,ultimo,1666,177,281
469,67.87,1,1,0,ultimo,1667,200,267
742,67.15,3,0,0,ultimo,1668,280,459
649,69.34,1,1,0,ultimo,1669,267,380
434,67.18,1,0,0,ultimo,1670,170,263
392,63.12,1,1,0,ultimo,1671,119,271
411,64.72,0,0,0,ultimo,1672,146,265
280,65.88,1,1,0,ultimo,1673,100,178
458,65.24,2,1,0,ultimo,1674,157,298
345,61.5,1,1,0,ultimo,1675,132,211
295,60.08,1,0,0,ultimo,1676,106,188
609,67.14,2,1,0,ultimo,1677,251,355
645,66.09,2,0,0,ultimo,1678,225,418
439,67.64,1,0,0,ultimo,1679,124,314
323,55.79,2,0,0,ultimo,1680,119,202
260,41.07,2,2,0,ultimo,1681,96,160
460,72.67,1,1,0,ultimo,1682,141,317
418,57.81,3,1,0,ultimo,1683,139,275
324,51.59,1,0,0,ultimo,1684,128,195
488,62.09,3,1,0,ultimo,1685,175,309
562,68.2,5,0,0,ultimo,1686,185,372
641,73.42,1,0,0,ultimo,1687,204,436
511,71.27,1,0,0,ultimo,1688,197,313
458,54.72,1,0,0,ultimo,1689,188,269
555,69.81,1,1,0,ultimo,1690,189,364
472,76.25,2,0,0,ultimo,1691,171,299
642,73.46,2,0,0,ultimo,1692,236,404
700,70.35,3,0,0,ultimo,1693,323,374
513,76.0,1,1,0,ultimo,1694,186,325
409,68.97,2,0,0,ultimo,1695,150,257
544,69.12,1,1,0,ultimo,1696,191,351
630,67.16,1,3,0,ultimo,1697,315,311
84,41.79,1,1,0,ultimo,1698,45,37
429,63.93,1,0,0,ultimo,1699,174,254
453,64.35,0,1,0,ultimo,1700,191,261
328,66.53,1,0,0,ultimo,1701,160,167
467,67.1,0,0,0,ultimo,1702,232,235
453,67.71,1,1,0,ultimo,1703,234,217
262,68.05,0,0,0,ultimo,1704,121,141
271,69.49,0,0,1,ultimo,1705,117,153
475,69.34,1,1,1,ultimo,1706,248,224
420,61.4,4,1,0,ultimo,1707,156,259
302,62.66,1,3,0,ultimo,1708,97,201
482,65.31,0,0,0,ultimo,1709,146,336
422,68.62,0,1,0,ultimo,1710,128,293
357,68.79,1,1,0,ultimo,1711,146,209
595,76.87,2,2,0,ultimo,1712,145,446
539,70.27,1,0,0,ultimo,1713,146,392
457,48.26,1,0,0,ultimo,1714,110,346
404,41.65,1,0,0,ultimo,1715,138,265
455,65.47,0,0,0,ultimo,1716,145,310
475,51.97,0,0,0,ultimo,1717,135,340
309,68.06,1,1,0,ultimo,1718,94,213
419,68.58,0,0,0,ultimo,1719,255,164
433,68.62,5,2,0,ultimo,1720,180,246
311,65.47,0,1,0,ultimo,1721,145,165
445,67.63,2,1,0,ultimo,1722,174,268
509,74.42,0,3,0,ultimo,1723,195,311
477,68.34,2,2,0,ultimo,1724,173,300
598,50.13,2,0,0,ultimo,1725,263,333
488,70.01,1,0,0,ultimo,1726,204,283
504,69.14,0,1,0,ultimo,1727,223,280
570,65.37,0,0,0,ultimo,1728,204,366
553,65.21,1,0,0,ultimo,1729,204,348
344,51.73,0,1,0,ultimo,1730,181,162
637,71.41,1,0,0,ultimo,1731,274,362
694,72.67,3,1,0,ultimo,1732,289,401
548,64.85,2,1,0,ultimo,1733,260,285
619,68.93,1,0,0,ultimo,1734,266,352
663,69.86,2,3,0,ultimo,1735,321,337
552,74.29,1,1,0,ultimo,1736,252,298
652,74.77,1,3,0,ultimo,1737,265,383
677,73.83,1,1,0,ultimo,1738,250,425
642,70.16,1,0,0,ultimo,1739,306,335
578,67.68,1,1,0,ultimo,1740,267,309
602,70.82,1,0,0,ultimo,1741,242,359
637,74.42,0,1,0,ultimo,1742,243,393
564,68.28,3,2,0,ultimo,1743,201,358
545,66.87,1,0,0,ultimo,1744,210,334
509,66.1,2,1,0,ultimo,1745,201,305
588,69.01,2,1,0,ultimo,1746,208,377
544,70.47,3,0,0,ultimo,1747,223,318
533,65.64,1,0,0,ultimo,1748,206,326
606,74.91,1,4,0,ultimo,1749,269,332
496,65.78,0,0,0,ultimo,1750,232,264
437,70.6,2,0,0,ultimo,1751,165,270
488,69.91,2,2,0,ultimo,1752,179,305
656,67.01,1,1,0,ultimo,1753,199,455
428,54.73,1,1,0,ultimo,1754,155,271
719,58.36,2,3,0,ultimo,1755,344,370
732,71.62,2,0,0,ultimo,1756,288,442
526,53.29,1,0,0,ultimo,1757,231,294
664,74.02,1,0,0,ultimo,1758,271,392
534,74.69,1,1,0,ultimo,1759,192,340
561,71.01,0,0,0,ultimo,1760,243,318
600,71.43,0,0,0,ultimo,1761,233,367
720,68.38,3,0,0,ultimo,1762,350,367
216,68.57,0,1,0,ultimo,1763,88,127
550,72.56,4,0,0,ultimo,1764,201,345
544,71.58,1,0,0,ultimo,1765,213,330
518,65.9,0,1,0,ultimo,1766,200,317
475,66.25,0,0,0,ultimo,1767,170,305
380,64.19,0,0,0,ultimo,1768,163,217
502,68.49,0,0,0,ultimo,1769,182,320
543,69.53,1,1,0,ultimo,1770,192,349
527,68.35,3,0,0,ultimo,1771,186,338
497,71.41,1,0,0,ultimo,1772,195,301
528,72.33,2,0,0,ultimo,1773,210,316
543,72.89,3,0,0,ultimo,1774,171,369
610,74.3,2,2,0,ultimo,1775,254,352
576,72.73,0,1,0,ultimo,1776,212,363
486,67.5,4,1,0,ultimo,1777,171,310
479,68.43,2,2,0,ultimo,1778,197,278
516,69.17,0,2,0,ultimo,1779,196,318
525,69.44,1,0,0,ultimo,1780,208,316
549,66.87,2,1,0,ultimo,1781,223,323
438,67.28,2,0,0,ultimo,1782,137,299
751,74.8,2,2,0,ultimo,1783,274,473
669,71.55,0,0,0,ultimo,1784,264,405
911,74.13,1,0,0,ultimo,1785,363,547
769,76.82,1,1,0,ultimo,1786,243,524
741,75.69,1,0,0,ultimo,1787,307,433
677,77.19,0,0,0,ultimo,1788,219,458
673,73.71,2,0,0,ultimo,1789,241,430
710,74.74,0,1,0,ultimo,1790,341,368
719,73.59,0,0,0,ultimo,1791,278,441
723,72.52,1,0,0,ultimo,1792,371,351
708,72.76,2,2,0,ultimo,1793,301,403
650,69.15,2,0,0,ultimo,1794,272,376
782,74.33,3,0,0,ultimo,1795,330,449
720,75.79,0,0,0,ultimo,1796,329,391
679,74.94,0,1,0,ultimo,1797,274,404
737,73.26,0,1,0,ultimo,1798,328,408
625,73.96,1,1,0,ultimo,1799,291,332
599,76.02,0,0,0,ultimo,1800,236,363
654,70.7,0,0,0,ultimo,1801,289,365
629,73.4,0,0,0,ultimo,1802,335,294
725,76.16,1,1,0,ultimo,1803,291,432
807,76.2,1,1,0,ultimo,1804,329,476
718,74.02,3,1,0,ultimo,1805,290,424
755,74.38,1,0,0,ultimo,1806,394,360
641,69.22,2,0,1,ultimo,1807,274,364
739,73.1,1,0,0,ultimo,1808,300,438
399,72.15,1,1,0,ultimo,1809,160,237
705,69.19,0,1,0,ultimo,1810,283,421
330,63.46,1,0,0,ultimo,1811,137,192
303,51.71,0,0,0,ultimo,1812,141,162
594,65.85,1,1,0,ultimo,1813,260,332
417,59.49,2,0,0,ultimo,1814,167,248
638,64.31,1,0,0,ultimo,1815,259,378
457,63.56,0,1,0,ultimo,1816,189,267
476,67.81,3,2,0,ultimo,1817,192,279
492,55.97,2,0,0,ultimo,1818,177,313
499,61.68,1,1,0,ultimo,1819,225,272
447,52.71,1,1,0,ultimo,1820,171,274
551,59.38,0,0,0,ultimo,1821,207,344
450,56.6,0,0,0,ultimo,1822,196,254
538,61.0,1,0,0,ultimo,1823,207,330
429,57.2,0,0,0,ultimo,1824,162,267
352,49.93,1,0,0,ultimo,1825,144,207
401,60.21,0,1,0,ultimo,1826,176,224
414,52.08,2,0,0,ultimo,1827,151,261
435,52.66,1,0,0,ultimo,1828,192,242
649,69.12,0,0,0,ultimo,1829,280,369
539,66.3,1,0,0,ultimo,1830,219,319
459,61.2,2,0,0,ultimo,1831,212,245
534,62.75,0,0,0,ultimo,1832,227,307
556,62.9,2,1,0,ultimo,1833,222,331
494,61.52,1,0,0,ultimo,1834,207,286
476,56.33,6,0,0,ultimo,1835,179,291
451,56.73,0,1,0,ultimo,1836,179,271
554,61.35,1,1,2,ultimo,1837,198,352
537,62.66,0,0,0,ultimo,1838,206,331
484,51.38,3,1,0,ultimo,1840,195,285
510,55.02,2,0,0,ultimo,1839,205,303
476,50.42,4,1,0,ultimo,1842,169,302
502,59.9,0,0,0,ultimo,1841,214,288
354,44.25,3,0,0,ultimo,1843,141,210
277,41.47,0,2,0,ultimo,1844,130,145
263,32.03,4,1,0,ultimo,1845,130,128
319,36.21,0,1,0,ultimo,1846,131,187
758,61.98,1,1,0,ultimo,1847,361,395
349,39.7,0,0,0,ultimo,1848,122,227
274,36.2,3,0,0,ultimo,1849,107,164
417,43.44,0,0,0,ultimo,1850,175,242
412,56.75,1,0,0,ultimo,1851,177,234
444,63.98,1,0,0,ultimo,1852,184,259
515,66.62,1,2,0,ultimo,1853,218,294
528,65.51,1,0,0,ultimo,1854,164,363
463,63.86,0,1,0,ultimo,1855,158,304
606,67.71,4,0,0,ultimo,1856,226,376
584,66.36,3,0,0,ultimo,1857,214,367
531,67.9,2,0,0,ultimo,1858,148,381
594,68.43,0,0,0,ultimo,1859,191,403
531,65.07,0,1,0,ultimo,1860,215,315
468,59.62,3,0,0,ultimo,1861,154,311
423,64.09,0,1,0,ultimo,1862,168,254
662,68.11,1,0,0,ultimo,1863,234,427
560,65.5,1,1,0,ultimo,1864,198,360
440,64.05,1,1,0,ultimo,1865,167,271
685,59.93,1,0,0,ultimo,1866,342,342
559,65.08,2,0,0,ultimo,1867,211,346
423,54.94,1,0,0,ultimo,1868,160,262
415,58.62,0,0,0,ultimo,1869,152,263
504,62.84,1,0,0,ultimo,1870,206,297
557,63.3,2,1,0,ultimo,1871,211,343
426,61.65,1,1,0,ultimo,1872,170,254
563,62.28,1,0,0,ultimo,1873,207,355
502,59.13,0,0,0,ultimo,1874,173,329
506,65.97,0,0,0,ultimo,1875,162,344
377,66.02,1,0,0,ultimo,1876,159,217
488,67.22,2,0,0,ultimo,1877,157,329
583,66.78,1,1,0,ultimo,1878,175,406
605,61.99,1,1,0,ultimo,1879,200,403
511,64.93,2,0,0,ultimo,1880,176,333
612,62.51,0,1,0,ultimo,1881,238,373
532,64.88,0,0,0,ultimo,1882,206,326
481,28.68,1,1,0,ultimo,1883,189,290
618,64.71,4,1,0,ultimo,1884,244,369
801,61.85,0,1,0,ultimo,1885,375,425
593,57.46,0,0,0,ultimo,1886,240,353
590,60.89,0,0,0,ultimo,1887,183,407
657,56.93,4,0,0,ultimo,1888,245,408
715,68.49,3,2,0,ultimo,1889,219,491
440,67.07,3,2,0,ultimo,1890,184,251
419,69.03,1,0,0,ultimo,1891,166,252
379,59.69,3,0,0,ultimo,1892,142,234
595,65.89,2,3,0,ultimo,1893,245,345
505,64.33,2,0,0,ultimo,1894,209,294
735,76.01,2,0,0,ultimo,1895,326,407
726,62.97,1,0,0,ultimo,1896,295,430
459,65.76,1,0,0,ultimo,1897,155,303
450,60.89,1,0,0,ultimo,1898,163,286
762,70.95,0,1,0,ultimo,1899,260,501
545,73.45,2,0,0,ultimo,1900,181,362
523,63.63,2,0,0,ultimo,1901,202,319
448,65.98,0,0,0,ultimo,1902,179,269
410,61.01,2,0,0,ultimo,1903,145,263
466,62.97,1,0,0,ultimo,1904,148,317
559,71.48,3,1,0,ultimo,1905,260,295
503,64.08,0,1,0,ultimo,1906,210,292
441,66.72,1,1,0,ultimo,1907,176,263
570,68.26,1,1,0,ultimo,1908,232,336
755,63.5,2,2,0,ultimo,1909,379,372
498,66.49,0,0,0,ultimo,1910,194,304
264,66.0,1,0,0,ultimo,1911,109,154
431,63.85,3,1,0,ultimo,1912,138,289
406,56.31,1,0,0,ultimo,1913,180,225
455,67.61,0,0,0,ultimo,1914,183,272
452,67.26,0,0,0,ultimo,1915,167,285
402,57.68,1,0,0,ultimo,1916,170,231
452,62.95,3,0,0,ultimo,1917,166,283
462,65.44,1,0,0,ultimo,1918,210,251
513,70.56,0,2,0,ultimo,1919,186,325
796,67.06,3,1,0,ultimo,1920,370,422
510,64.8,4,0,0,ultimo,1921,189,317
434,53.25,0,0,0,ultimo,1922,210,224
497,58.61,2,1,0,ultimo,1923,236,258
533,65.97,1,1,0,ultimo,1924,222,309
664,66.27,4,1,0,ultimo,1925,232,427
601,64.35,1,0,0,ultimo,1926,225,375
613,61.12,6,2,0,ultimo,1927,236,369
650,56.92,4,0,0,ultimo,1928,260,386
495,45.66,3,0,0,ultimo,1929,197,295
710,60.74,0,0,0,ultimo,1930,337,373
410,45.5,1,2,0,ultimo,1931,168,239
242,39.29,1,0,0,ultimo,1932,109,132
671,57.84,2,0,0,ultimo,1933,300,369
433,62.21,4,1,0,ultimo,1934,156,272
508,61.13,0,1,0,ultimo,1935,187,320
450,66.18,3,0,0,ultimo,1936,186,261
721,73.87,1,1,0,ultimo,1937,344,375
621,68.92,3,1,0,ultimo,1938,286,331
696,67.77,2,0,0,ultimo,1939,313,381
584,67.83,1,1,0,ultimo,1940,232,350
492,60.74,1,0,0,ultimo,1941,221,270
504,67.65,1,1,0,ultimo,1942,219,283
474,68.6,0,0,0,ultimo,1943,192,282
528,67.35,0,0,0,ultimo,1944,201,327
564,69.8,2,1,0,ultimo,1945,222,339
643,69.36,1,1,0,ultimo,1946,290,351
918,73.79,1,0,0,ultimo,1947,371,546
781,71.72,6,1,0,ultimo,1948,339,435
685,64.5,1,0,0,ultimo,1949,290,394
647,66.02,1,0,0,ultimo,1950,299,347
267,53.61,1,0,0,ultimo,1951,115,151
620,57.67,1,0,0,ultimo,1952,249,370
674,60.23,3,0,0,ultimo,1953,288,383
628,61.57,4,0,0,ultimo,1954,279,345
493,53.59,1,0,0,ultimo,1955,235,257
452,50.33,3,0,0,ultimo,1956,185,264
528,53.07,1,1,0,ultimo,1957,239,287
457,59.35,1,1,0,ultimo,1958,205,250
592,64.42,1,1,0,ultimo,1959,297,293
486,56.64,3,0,0,ultimo,1960,215,268
436,53.63,1,3,0,ultimo,1961,183,249
432,49.09,1,3,0,ultimo,1962,217,211
275,47.25,0,0,0,ultimo,1963,133,142
31,53.45,1,0,0,ultimo,1964,14,16
667,51.91,2,0,0,ultimo,1965,320,345
755,60.89,1,2,0,ultimo,1966,366,386
789,61.4,4,0,0,ultimo,1967,430,355
701,61.65,0,1,0,ultimo,1969,318,382
718,65.51,0,0,0,ultimo,1968,331,387
799,64.02,3,0,0,ultimo,1970,366,430
726,61.32,0,1,0,ultimo,1971,397,328
603,58.6,1,0,0,ultimo,1972,254,348
879,69.65,4,1,0,ultimo,1973,322,552
527,59.55,1,0,0,ultimo,1974,193,333
641,66.42,1,0,0,ultimo,1975,238,402
586,65.84,3,0,0,ultimo,1976,208,375
592,66.37,2,0,0,ultimo,1977,270,320
792,65.73,3,1,0,ultimo,1978,352,436
747,58.18,5,1,0,ultimo,1979,338,403
509,56.62,1,0,0,ultimo,1980,213,295
605,53.92,1,1,0,ultimo,1981,284,319
634,54.0,4,0,0,ultimo,1982,262,368
630,58.01,1,1,0,ultimo,1983,279,349
563,52.32,2,0,0,ultimo,1984,266,295
641,64.68,3,4,0,ultimo,1985,193,441
484,58.31,2,0,0,ultimo,1986,183,299
439,51.53,2,0,0,ultimo,1987,139,298
540,61.93,1,0,0,ultimo,1988,203,336
566,52.75,1,0,0,ultimo,1989,220,345
612,60.47,1,0,0,ultimo,1990,217,394
470,59.05,2,1,0,ultimo,1991,166,301
408,51.84,3,0,0,ultimo,1992,143,262
284,48.38,2,0,0,ultimo,1993,93,189
462,53.16,0,1,0,ultimo,1994,182,279
530,60.85,2,2,0,ultimo,1995,183,343
535,61.42,3,0,0,ultimo,1996,199,333
531,71.18,1,0,0,ultimo,1997,238,292
612,55.69,4,0,0,ultimo,1998,248,360
613,50.79,2,1,0,ultimo,1999,286,324
742,61.37,0,0,0,ultimo,2000,266,476
775,63.11,1,1,0,ultimo,2001,270,503
658,61.78,1,1,0,ultimo,2002,231,425
558,52.59,0,0,0,ultimo,2003,220,338
652,57.04,3,1,0,ultimo,2004,275,373
686,60.18,3,0,0,ultimo,2005,259,424
664,58.97,1,2,0,ultimo,2006,232,429
414,53.56,2,1,0,ultimo,2007,166,245
785,63.61,2,0,0,ultimo,2008,274,509
495,60.15,2,1,0,ultimo,2009,183,309
442,47.07,2,1,0,ultimo,2010,173,266
270,41.28,3,1,0,ultimo,2011,115,151
364,46.73,2,0,0,ultimo,2012,157,205
664,60.36,1,2,0,ultimo,2013,281,380
402,52.76,1,0,0,ultimo,2014,154,247
519,56.66,0,0,0,ultimo,2015,196,323
684,56.62,2,0,0,ultimo,2016,281,401
683,63.42,3,1,0,ultimo,2017,270,409
439,65.62,0,0,0,ultimo,2018,198,241
786,73.53,3,0,0,ultimo,2019,261,522
521,67.14,0,1,0,ultimo,2020,209,311
547,68.63,0,1,0,ultimo,2021,232,314
530,65.43,1,0,0,ultimo,2022,232,297
533,67.21,2,1,0,ultimo,2023,266,264
495,66.8,2,0,0,ultimo,2024,195,298
656,69.49,2,0,0,ultimo,2025,314,340
555,61.12,1,0,0,ultimo,2026,213,341
533,64.06,3,0,0,ultimo,2027,193,337
512,64.65,1,0,0,ultimo,2028,168,343
483,58.76,3,2,0,ultimo,2029,163,315
414,49.76,0,2,0,ultimo,2030,199,213
651,54.3,3,0,0,ultimo,2031,324,324
736,57.05,7,0,0,ultimo,2032,281,448
642,64.01,3,2,0,ultimo,2033,254,383
669,57.72,0,1,0,ultimo,2034,315,353
625,68.01,1,1,0,ultimo,2035,220,403
713,69.16,1,1,0,ultimo,2036,310,401
526,69.39,2,0,0,ultimo,2037,266,258
571,64.37,1,1,0,ultimo,2038,312,257
473,69.35,1,1,0,ultimo,2039,196,275
517,74.18,2,0,0,ultimo,2040,200,315
458,67.35,0,0,0,ultimo,2041,262,196
691,73.67,0,0,0,ultimo,2042,320,371
705,62.39,2,0,0,ultimo,2043,337,366
502,65.79,0,1,0,ultimo,2044,201,300
573,59.63,0,0,0,ultimo,2045,298,275
632,52.62,1,0,0,ultimo,2046,322,309
569,52.39,2,0,0,ultimo,2047,256,311
493,56.34,2,0,0,ultimo,2048,225,266
551,61.15,5,1,0,ultimo,2049,239,306
574,62.46,4,1,0,ultimo,2050,200,369
706,68.02,0,1,0,ultimo,2051,260,445
692,64.55,1,0,0,ultimo,2052,228,463
677,58.97,1,1,0,ultimo,2053,311,364
708,57.65,5,0,0,ultimo,2054,312,391
558,57.35,3,3,0,ultimo,2055,219,333
695,52.77,2,1,0,ultimo,2056,321,371
688,56.53,4,1,0,ultimo,2057,330,353
490,58.61,2,2,0,ultimo,2058,241,245
562,45.25,3,1,0,ultimo,2059,274,284
550,44.32,1,0,0,ultimo,2060,281,268
641,54.83,4,1,0,ultimo,2061,280,356
565,58.19,4,0,0,ultimo,2062,276,285
634,53.96,1,2,0,ultimo,2063,266,365
322,71.24,0,0,0,ultimo,2064,168,154
525,59.86,0,0,0,ultimo,2065,327,198
484,48.55,3,0,0,ultimo,2066,253,228
716,60.73,2,1,0,ultimo,2067,399,314
638,56.51,5,0,0,ultimo,2068,322,311
539,56.2,1,2,0,ultimo,2069,230,306
616,53.01,2,0,0,ultimo,2070,251,363
689,58.64,5,1,0,ultimo,2071,327,356
630,56.76,1,1,0,ultimo,2072,312,316
640,58.13,1,1,0,ultimo,2073,331,307
639,53.12,3,0,0,ultimo,2074,340,296
578,54.02,2,0,0,ultimo,2075,318,258
689,60.23,4,1,0,ultimo,2076,298,386
693,57.46,4,0,0,ultimo,2077,354,335
629,55.66,4,1,0,ultimo,2078,279,345
615,54.52,1,2,0,ultimo,2079,245,367
576,50.7,1,2,0,ultimo,2080,262,311
795,61.87,4,0,0,ultimo,2081,405,386
670,57.81,1,1,0,ultimo,2082,320,348
749,58.93,0,0,0,ultimo,2083,359,390
706,60.45,7,0,0,ultimo,2084,306,393
594,50.81,1,1,0,ultimo,2085,289,303
647,55.44,2,1,0,ultimo,2086,309,335
498,60.95,3,0,0,ultimo,2087,218,277
520,55.85,2,1,0,ultimo,2088,209,308
547,64.58,1,0,0,ultimo,2089,265,281
745,59.36,1,2,0,ultimo,2090,359,383
485,62.99,3,0,0,ultimo,2091,225,257
480,56.74,2,0,0,ultimo,2092,225,253
485,61.47,1,0,0,ultimo,2093,239,245
459,60.0,3,0,0,ultimo,2094,195,261
626,63.04,3,1,0,ultimo,2095,300,322
626,57.7,5,0,0,ultimo,2096,292,329
318,53.81,3,0,0,ultimo,2097,195,120
416,57.46,4,2,0,ultimo,2098,217,193
667,54.94,5,0,0,ultimo,2099,302,360
526,54.4,0,0,0,ultimo,2100,235,291
478,49.95,3,2,0,ultimo,2101,262,211
587,47.96,2,1,0,ultimo,2102,319,265
402,64.94,2,1,0,ultimo,2103,225,174
636,57.5,4,2,0,ultimo,2104,270,360
433,62.21,1,0,0,ultimo,2105,234,198
406,63.44,0,1,0,ultimo,2106,249,156
423,67.68,0,0,0,ultimo,2107,279,144
234,63.76,0,0,0,ultimo,2108,120,114
522,62.74,0,0,0,ultimo,2109,281,241
524,52.82,1,2,0,ultimo,2110,257,264
577,64.18,0,0,0,ultimo,2111,310,267
421,61.01,5,0,0,ultimo,2112,237,179
363,65.88,0,0,0,ultimo,2113,221,142
401,70.1,3,0,0,ultimo,2114,165,233
466,68.73,1,0,0,ultimo,2115,210,255
324,57.04,1,0,0,ultimo,2116,165,158
349,65.73,0,0,0,ultimo,2117,162,187
281,63.29,0,0,0,ultimo,2118,114,167
463,69.62,0,0,0,ultimo,2119,211,252
331,65.29,1,0,0,ultimo,2120,174,156
557,72.53,0,0,0,ultimo,2121,274,283
561,74.3,5,0,0,ultimo,2122,295,261
456,72.96,1,0,0,ultimo,2123,190,265
476,72.56,1,0,0,ultimo,2124,282,193
625,73.53,0,0,0,ultimo,2125,333,292
522,71.41,0,0,0,ultimo,2126,263,259
594,71.48,4,1,0,ultimo,2127,278,311
601,69.72,2,1,0,ultimo,2128,294,304
680,75.39,1,1,0,ultimo,2129,322,356
471,69.06,1,0,0,ultimo,2130,212,258
554,74.66,2,1,0,ultimo,2131,236,315
376,66.43,0,0,0,ultimo,2132,162,214
469,64.69,1,0,0,ultimo,2133,187,281
389,66.72,1,0,0,ultimo,2134,167,221
388,71.85,0,0,0,ultimo,2135,170,218
572,68.5,2,0,0,ultimo,2136,288,282
623,74.17,2,2,0,ultimo,2138,237,382
696,73.03,0,1,0,ultimo,2137,336,359
572,71.95,2,0,0,ultimo,2139,205,365
551,70.1,2,0,0,ultimo,2140,195,354
493,74.02,0,0,0,ultimo,2141,175,318
614,72.92,0,2,0,ultimo,2142,232,380
589,74.09,1,0,0,ultimo,2143,221,367
638,74.45,2,0,0,ultimo,2144,189,447
540,74.48,0,0,0,ultimo,2145,220,320
624,75.73,3,2,0,ultimo,2146,262,357
517,50.39,0,1,0,ultimo,2147,159,357
446,74.09,0,3,0,ultimo,2148,117,326
547,71.69,3,1,0,ultimo,2149,195,348
468,73.01,0,0,0,ultimo,2150,193,275
558,66.91,1,1,0,ultimo,2151,303,253
605,74.6,2,1,0,ultimo,2152,354,248
617,71.58,0,0,0,ultimo,2153,333,284
505,71.63,1,1,0,ultimo,2154,284,219
582,71.24,1,4,0,ultimo,2155,309,268
417,68.36,1,0,0,ultimo,2156,232,184
627,72.07,1,0,0,ultimo,2157,337,289
605,75.44,0,0,0,ultimo,2158,313,292
586,72.52,1,0,0,ultimo,2159,352,233
599,67.0,0,1,0,ultimo,2160,380,218
664,69.97,1,1,0,ultimo,2161,388,274
705,68.18,0,0,0,ultimo,2162,468,237
652,72.36,0,0,0,ultimo,2163,425,227
701,68.66,2,1,0,ultimo,2164,449,249
592,69.08,2,1,0,ultimo,2165,333,256
715,75.66,2,1,0,ultimo,2166,376,336
701,71.82,0,1,0,ultimo,2167,442,258
700,72.54,0,1,0,ultimo,2168,439,260
710,69.07,1,0,0,ultimo,2169,465,244
562,68.79,1,2,0,ultimo,2170,328,231
537,67.29,0,0,0,ultimo,2171,335,202
661,70.62,0,3,0,ultimo,2172,295,363
646,73.16,1,1,0,ultimo,2173,257,387
733,73.3,0,0,0,ultimo,2174,340,393
453,76.01,1,1,0,ultimo,2175,206,245
546,70.91,2,2,0,ultimo,2176,225,317
608,73.34,1,0,0,ultimo,2177,235,372
610,74.57,4,0,0,ultimo,2178,218,388
451,70.25,0,0,0,ultimo,2179,152,299
575,71.34,1,2,0,ultimo,2180,243,329
601,75.79,3,0,0,ultimo,2181,213,385
552,70.59,0,1,0,ultimo,2182,201,350
582,70.37,1,1,0,ultimo,2183,249,331
595,69.43,1,3,0,ultimo,2184,227,364
550,65.01,2,1,0,ultimo,2185,235,312
653,73.95,3,0,0,ultimo,2186,257,393
559,69.79,2,0,0,ultimo,2187,221,336
643,58.35,0,0,0,ultimo,2188,296,347
595,72.12,1,0,0,ultimo,2189,224,370
592,72.55,4,1,0,ultimo,2190,204,383
616,74.76,5,1,0,ultimo,2191,232,378
455,72.68,2,1,0,ultimo,2192,151,301
506,76.78,2,2,0,ultimo,2193,190,312
452,73.86,2,3,0,ultimo,2194,183,264
537,75.63,1,0,0,ultimo,2195,203,333
513,73.92,4,0,0,ultimo,2196,196,313
471,69.57,3,0,0,ultimo,2197,153,315
407,75.23,4,0,0,ultimo,2198,179,224
534,74.37,1,1,0,ultimo,2199,211,321
505,79.78,3,1,0,ultimo,2200,183,318
442,76.34,0,0,0,ultimo,2201,184,258
571,80.08,4,1,0,ultimo,2202,235,331
511,75.7,2,1,0,ultimo,2203,228,280
522,78.38,2,0,0,ultimo,2204,217,303
522,78.26,1,0,0,ultimo,2205,230,291
487,75.62,0,0,0,ultimo,2206,174,313
581,76.85,2,0,0,ultimo,2207,173,406
563,74.87,0,0,2,ultimo,2208,201,360
498,74.77,0,1,0,ultimo,2209,201,296
417,74.73,0,0,0,ultimo,2210,161,256
310,68.89,2,0,0,ultimo,2211,108,200
369,67.34,0,0,0,ultimo,2212,216,153
364,68.81,2,1,0,ultimo,2213,128,233
450,45.27,2,0,0,ultimo,2214,245,203
445,70.19,0,3,0,ultimo,2215,265,177
484,68.95,2,0,0,ultimo,2216,271,211
472,71.3,0,0,0,ultimo,2217,247,225
540,69.14,0,1,0,ultimo,2218,260,279
606,74.81,0,0,0,ultimo,2219,310,296
418,62.67,0,0,0,ultimo,2220,179,239
420,66.67,1,0,0,ultimo,2221,184,235
383,71.19,1,1,0,ultimo,2222,171,210
359,62.11,1,1,0,ultimo,2223,133,224
479,72.14,0,2,0,ultimo,2224,300,177
388,60.34,0,0,0,ultimo,2225,217,171
681,70.42,1,0,0,ultimo,2226,414,266
593,62.22,0,1,0,ultimo,2227,360,232
667,66.5,0,0,0,ultimo,2228,380,287
590,69.99,0,0,0,ultimo,2229,336,254
495,70.61,1,0,0,ultimo,2230,318,176
412,73.05,2,0,0,ultimo,2231,208,202
525,71.62,1,0,0,ultimo,2232,332,192
549,75.72,1,1,0,ultimo,2233,301,246
550,73.24,1,0,0,ultimo,2234,277,272
545,73.25,2,1,0,ultimo,2235,289,253
816,66.34,3,1,0,ultimo,2236,329,483
499,69.4,0,1,0,ultimo,2237,230,268
446,68.62,0,0,0,ultimo,2238,258,188
640,72.56,0,3,0,ultimo,2239,372,265
687,74.35,1,2,0,ultimo,2240,394,290
614,68.76,2,0,0,ultimo,2241,379,233
571,71.64,0,0,0,ultimo,2242,301,270
591,72.6,1,1,0,ultimo,2243,342,247
673,72.68,2,0,0,ultimo,2244,420,251
568,64.91,0,0,0,ultimo,2245,298,270
409,65.34,1,1,0,ultimo,2246,154,253
408,64.35,0,1,0,ultimo,2247,144,263
469,64.51,4,0,0,ultimo,2248,191,274
383,65.47,0,1,0,ultimo,2249,145,237
386,38.41,5,0,0,ultimo,2250,141,240
297,57.01,2,0,0,ultimo,2251,121,174
379,64.02,0,0,0,ultimo,2252,135,244
492,67.86,2,1,0,ultimo,2253,171,318
382,60.25,3,0,0,ultimo,2254,143,236
434,62.27,0,0,0,ultimo,2255,153,281
486,61.52,1,0,0,ultimo,2256,191,294
651,57.01,1,1,0,ultimo,2257,246,403
479,62.94,2,0,0,ultimo,2258,170,307
470,63.43,1,0,0,ultimo,2259,189,280
390,68.3,1,0,0,ultimo,2260,137,252
419,68.58,3,0,0,ultimo,2261,165,251
417,65.57,3,1,0,ultimo,2262,158,255
476,65.29,2,1,0,ultimo,2263,161,312
367,66.37,0,0,0,ultimo,2264,132,235
468,65.18,1,0,0,ultimo,2265,146,321
427,67.78,1,0,0,ultimo,2266,168,258
380,62.3,4,0,0,ultimo,2267,134,242
330,63.95,3,0,0,ultimo,2268,128,199
381,65.58,2,1,0,ultimo,2269,174,204
383,70.02,0,1,0,ultimo,2270,174,208
400,63.29,0,1,0,ultimo,2271,148,251
486,58.48,1,1,0,ultimo,2272,171,313
454,70.5,2,1,0,ultimo,2273,199,252
427,68.98,2,1,0,ultimo,2274,141,283
680,60.88,2,2,0,ultimo,2275,290,386
436,53.3,4,0,0,ultimo,2276,183,249
506,63.17,1,0,0,ultimo,2277,203,302
263,43.98,1,0,0,ultimo,2278,101,161
381,50.66,0,0,0,ultimo,2279,153,228
487,59.17,2,1,0,ultimo,2280,245,239
379,60.06,5,2,0,ultimo,2281,113,259
556,58.9,4,0,0,ultimo,2282,178,374
364,54.33,1,0,0,ultimo,2283,140,223
445,54.6,3,0,0,ultimo,2284,170,272
472,56.26,0,0,0,ultimo,2285,266,206
339,43.13,0,1,0,ultimo,2286,149,189
339,43.8,3,0,0,ultimo,2287,123,213
343,46.35,3,0,0,ultimo,2288,128,212
523,56.54,0,0,0,ultimo,2289,194,329
493,73.04,1,0,0,ultimo,2290,194,298
425,62.78,2,0,0,ultimo,2291,164,259
407,65.22,2,0,0,ultimo,2292,151,254
391,66.05,1,0,0,ultimo,2293,138,252
340,59.34,1,0,0,ultimo,2294,115,224
617,65.08,0,0,0,ultimo,2295,231,386
480,64.69,0,0,0,ultimo,2296,159,321
409,61.41,2,1,0,ultimo,2297,156,250
407,59.16,1,0,0,ultimo,2298,164,242
458,64.78,1,0,0,ultimo,2299,175,282
680,69.82,1,1,0,ultimo,2300,242,436
536,54.47,1,1,0,ultimo,2301,264,270
528,61.54,1,0,0,ultimo,2302,214,313
50,58.82,0,0,0,ultimo,2303,17,33
558,60.19,3,2,0,ultimo,2304,212,341
416,56.14,0,0,1,ultimo,2305,175,240
284,62.28,2,0,0,ultimo,2306,116,166
290,55.45,0,0,0,ultimo,2307,133,157
349,53.53,1,0,0,ultimo,2308,151,197
287,59.05,0,0,0,ultimo,2309,95,192
505,61.59,3,2,0,ultimo,2310,179,321
391,61.29,3,0,0,ultimo,2311,144,244
547,61.39,1,1,0,ultimo,2312,202,343
294,58.45,0,2,0,ultimo,2313,123,169
348,59.69,1,0,0,ultimo,2314,132,215
320,69.57,0,0,0,ultimo,2315,94,226
272,59.52,2,0,0,ultimo,2316,83,187
324,63.04,2,0,0,ultimo,2317,119,203
664,66.47,5,0,0,ultimo,2318,243,416
436,74.79,1,1,0,ultimo,2319,143,291
423,65.28,0,0,0,ultimo,2320,151,272
455,67.51,2,0,0,ultimo,2321,144,309
285,48.89,0,1,0,ultimo,2322,161,123
382,59.59,2,0,0,ultimo,2323,145,235
647,70.1,0,0,0,ultimo,2324,197,450
405,62.69,3,1,0,ultimo,2325,141,260
350,56.0,3,3,0,ultimo,2326,115,229
301,65.86,2,0,0,ultimo,2327,106,193
328,63.57,2,0,0,ultimo,2328,106,220
357,63.07,4,0,0,ultimo,2329,124,229
278,64.95,2,0,0,ultimo,2330,86,190
344,61.21,0,0,0,ultimo,2331,131,213
272,63.55,0,0,0,ultimo,2332,118,154
320,65.84,0,1,0,ultimo,2333,107,212
310,67.39,1,0,0,ultimo,2334,114,195
311,69.11,1,0,0,ultimo,2335,128,182
574,70.6,0,0,0,ultimo,2336,321,253
559,68.0,3,1,0,ultimo,2337,288,267
482,63.5,0,0,0,ultimo,2338,230,252
588,72.06,1,0,0,ultimo,2339,303,284
240,37.04,0,0,0,ultimo,2340,107,133
299,43.4,0,0,0,ultimo,2341,144,155
437,53.49,1,0,0,ultimo,2342,178,258
433,60.14,0,0,0,ultimo,2344,185,248
198,41.51,1,0,0,ultimo,2343,83,114
688,61.32,4,0,0,ultimo,2345,341,343
665,57.38,4,0,0,ultimo,2346,369,292
706,59.83,1,1,0,ultimo,2347,367,337
663,53.08,2,0,0,ultimo,2348,282,379
639,52.25,2,0,0,ultimo,2349,234,403
508,67.46,1,1,0,ultimo,2350,186,320
391,53.56,0,2,0,ultimo,2351,162,227
300,56.71,0,0,0,ultimo,2352,111,189
489,63.51,2,0,0,ultimo,2353,368,119
442,65.58,1,0,0,ultimo,2354,181,260
618,73.05,1,1,0,ultimo,2355,278,338
463,67.1,0,0,0,ultimo,2356,226,237
531,69.05,1,0,0,ultimo,2357,183,347
568,64.4,2,0,0,ultimo,2358,278,288
695,66.89,3,0,0,ultimo,2359,334,358
713,69.43,1,0,0,ultimo,2360,462,250
756,65.91,2,1,0,ultimo,2361,441,312
678,66.54,0,0,0,ultimo,2362,391,287
759,69.38,1,3,0,ultimo,2363,454,301
682,67.26,0,0,0,ultimo,2364,367,315
713,68.3,1,0,0,ultimo,2365,421,291
522,68.5,0,0,0,ultimo,2366,282,240
531,71.37,2,0,0,ultimo,2367,207,322
609,68.27,1,1,0,ultimo,2368,234,373
562,66.12,1,0,0,ultimo,2369,228,333
369,61.81,1,1,0,ultimo,2370,141,226
458,64.78,0,0,0,ultimo,2371,155,303
459,60.47,1,0,0,ultimo,2372,180,278
625,68.31,1,2,0,ultimo,2373,222,400
464,61.38,0,0,0,ultimo,2374,151,313
441,58.8,1,0,0,ultimo,2375,198,242
434,62.18,1,2,0,ultimo,2376,165,266
438,63.2,0,0,0,ultimo,2377,145,293
474,70.64,1,2,0,ultimo,2378,167,304
466,65.63,3,1,0,ultimo,2379,166,296
464,68.95,1,1,0,ultimo,2380,138,324
559,67.43,2,0,0,ultimo,2381,181,376
272,47.3,3,2,0,ultimo,2382,144,123
584,50.21,3,0,0,ultimo,2383,300,281
571,53.02,2,2,0,ultimo,2384,287,280
662,55.91,2,1,0,ultimo,2385,300,359
424,50.84,2,0,0,ultimo,2386,186,236
507,50.95,5,1,0,ultimo,2387,239,262
407,53.91,1,0,0,ultimo,2388,202,204
577,52.79,2,0,0,ultimo,2389,284,291
566,56.26,6,0,0,ultimo,2390,217,343
584,54.33,0,0,0,ultimo,2391,244,340
730,58.54,7,1,0,ultimo,2392,330,392
831,65.64,0,2,0,ultimo,2393,331,498
454,47.24,1,0,0,ultimo,2394,155,298
550,61.04,2,0,0,ultimo,2395,218,330
622,61.16,3,0,0,ultimo,2396,252,367
358,62.7,0,0,0,ultimo,2397,137,221
525,60.76,1,1,0,ultimo,2398,211,312
488,62.97,2,1,0,ultimo,2399,211,274
549,65.44,2,0,0,ultimo,2400,171,376
368,53.8,2,0,0,ultimo,2401,124,242
754,64.28,4,2,0,ultimo,2402,382,366
630,61.64,2,3,0,ultimo,2403,332,293
229,57.25,0,0,0,ultimo,2404,114,115
372,63.27,2,0,0,ultimo,2405,194,176
575,55.88,2,2,0,ultimo,2406,293,278
603,61.72,4,2,0,ultimo,2407,264,333
420,56.83,0,0,0,ultimo,2408,213,207
574,58.99,1,0,0,ultimo,2409,259,314
487,58.67,0,3,0,ultimo,2410,259,225
531,63.98,4,1,0,ultimo,2411,275,251
550,60.51,2,1,0,ultimo,2412,290,257
213,54.34,1,0,0,ultimo,2413,86,126
484,59.83,1,0,0,ultimo,2414,288,195
594,62.79,2,2,0,ultimo,2415,392,198
507,62.44,3,0,0,ultimo,2416,288,216
660,66.47,3,1,0,ultimo,2417,376,280
576,59.44,1,1,0,ultimo,2418,292,282
600,59.23,4,1,0,ultimo,2419,348,247
494,58.67,2,0,0,ultimo,2420,307,185
476,58.69,2,1,0,ultimo,2421,257,216
461,58.06,0,0,0,ultimo,2422,233,228
513,52.45,0,2,0,ultimo,2423,300,211
363,51.49,4,0,0,ultimo,2424,174,185
445,53.68,2,0,0,ultimo,2425,205,238
382,57.01,0,0,0,ultimo,2426,166,216
251,55.65,1,0,0,ultimo,2427,92,158
264,57.02,1,0,0,ultimo,2428,85,178
331,58.48,2,0,0,ultimo,2429,124,205
462,62.35,1,0,0,ultimo,2430,182,279
371,66.85,3,1,0,ultimo,2431,148,219
348,66.92,1,0,0,ultimo,2432,125,222
300,59.64,2,0,0,ultimo,2433,151,147
417,69.73,1,0,0,ultimo,2434,248,168
461,70.06,0,1,1,ultimo,2435,221,238
362,69.62,1,1,0,ultimo,2436,153,207
468,68.42,0,0,0,ultimo,2437,194,274
455,68.22,0,0,0,ultimo,2438,201,254
411,62.94,0,1,0,ultimo,2439,175,235
390,69.27,0,1,0,ultimo,2440,145,244
403,59.97,0,0,0,ultimo,2441,156,247
358,52.88,2,0,0,ultimo,2442,170,186
356,58.17,1,0,0,ultimo,2443,152,203
295,59.48,0,0,0,ultimo,2444,127,168
274,53.73,0,1,0,ultimo,2445,134,139
259,52.86,2,3,0,ultimo,2446,117,137
314,57.93,1,1,0,ultimo,2447,123,189
319,61.46,4,0,0,ultimo,2448,114,201
295,58.19,0,1,0,ultimo,2449,140,154
405,56.96,4,0,0,ultimo,2450,194,207
440,58.51,2,0,0,ultimo,2451,192,246
469,67.19,1,2,0,ultimo,2452,210,256
335,64.18,0,0,0,ultimo,2453,132,203
410,68.22,1,0,0,ultimo,2454,164,245
469,55.18,1,1,0,ultimo,2455,216,251
271,60.22,0,0,0,ultimo,2456,127,144
337,66.73,0,0,0,ultimo,2457,151,186
425,70.13,1,0,0,ultimo,2458,177,247
345,57.02,1,0,0,ultimo,2459,142,202
519,65.04,1,0,0,ultimo,2460,215,303
382,66.09,0,0,0,ultimo,2461,207,175
458,65.99,1,1,0,ultimo,2462,224,232
379,70.84,1,0,0,ultimo,2463,166,212
507,66.89,1,0,0,ultimo,2464,288,218
486,64.12,5,0,0,ultimo,2465,240,241
617,71.0,1,1,0,ultimo,2466,247,368
345,64.97,3,0,0,ultimo,2467,145,197
487,65.99,1,0,0,ultimo,2468,233,253
368,64.45,1,0,0,ultimo,2469,171,196
720,68.12,1,1,0,ultimo,2470,367,351
486,61.13,0,0,0,ultimo,2471,264,222
578,59.59,1,0,0,ultimo,2472,297,280
592,66.82,1,0,0,ultimo,2473,302,289
741,66.46,0,0,0,ultimo,2474,333,408
486,59.56,7,0,0,ultimo,2475,219,260
621,60.7,4,2,0,ultimo,2476,315,300
397,62.32,1,0,0,ultimo,2477,199,197
883,64.83,0,2,0,ultimo,2478,485,396
323,61.29,0,0,0,ultimo,2479,155,168
301,54.14,2,1,0,ultimo,2480,149,149
529,68.26,4,0,0,ultimo,2481,220,305
426,54.55,1,0,0,ultimo,2482,223,202
414,54.98,5,2,0,ultimo,2483,164,243
459,62.2,1,1,0,ultimo,2484,197,260
424,60.06,2,0,0,ultimo,2485,184,238
295,60.08,1,1,0,ultimo,2486,131,162
485,63.9,1,2,0,ultimo,2487,203,279
210,43.21,3,1,0,ultimo,2488,99,107
484,69.04,0,1,0,ultimo,2489,189,294
369,57.03,0,0,0,ultimo,2490,172,197
372,53.53,1,2,0,ultimo,2491,175,194
445,67.53,1,0,0,ultimo,2492,172,272
420,63.64,3,0,0,ultimo,2493,166,251
135,34.79,0,0,0,ultimo,2494,68,67
240,41.52,1,0,0,ultimo,2495,111,128
288,53.73,2,0,0,ultimo,2496,140,146
380,57.32,1,1,0,ultimo,2497,201,177
740,57.01,0,0,0,ultimo,2498,352,388
443,52.18,1,0,0,ultimo,2499,220,222
419,55.79,3,1,0,ultimo,2500,198,217
287,56.5,1,1,0,ultimo,2501,135,150
355,56.35,0,0,0,ultimo,2502,190,165
378,57.98,1,0,0,ultimo,2503,222,155
555,54.68,0,1,0,ultimo,2504,254,300
579,56.1,1,0,0,ultimo,2505,308,270
560,53.85,2,0,0,ultimo,2506,258,300
555,53.99,2,1,0,ultimo,2507,282,270
598,56.2,5,0,0,ultimo,2508,264,329
676,61.57,2,1,0,ultimo,2509,314,359
626,52.38,3,0,0,ultimo,2510,317,306
455,71.77,1,1,0,ultimo,2511,207,246
741,74.17,1,3,0,ultimo,2512,266,471
501,59.79,0,0,0,ultimo,2513,234,267
941,71.18,2,0,0,ultimo,2514,477,462
650,58.14,1,3,0,ultimo,2515,344,302
802,62.46,3,0,0,ultimo,2516,297,502
401,42.43,2,1,0,ultimo,2517,163,235
369,63.62,3,0,0,ultimo,2518,123,243
623,65.37,3,1,0,ultimo,2519,159,460
661,65.64,1,0,0,ultimo,2520,247,413
347,55.97,1,1,0,ultimo,2521,153,192
359,62.43,3,0,0,ultimo,2522,149,207
556,61.57,0,0,0,ultimo,2523,201,355
393,55.27,0,0,0,ultimo,2524,190,203
527,70.45,4,2,0,ultimo,2525,188,333
466,71.69,1,0,0,ultimo,2526,184,281
830,69.87,2,0,0,ultimo,2527,253,575
848,74.98,2,2,0,ultimo,2528,417,427
781,68.15,3,2,0,ultimo,2529,314,462
372,68.89,0,2,0,ultimo,2530,116,254
888,75.38,5,0,0,ultimo,2531,397,486
779,62.07,4,1,0,ultimo,2532,295,479
266,45.47,0,1,0,ultimo,2533,99,166
290,61.31,1,1,0,ultimo,2534,107,181
31,50.82,0,0,0,ultimo,2535,24,7
587,51.27,1,2,0,ultimo,2536,225,359
24,50.0,0,0,0,ultimo,2537,7,17
649,51.18,2,1,0,ultimo,2538,254,392
702,70.13,4,2,0,ultimo,2539,267,429
573,56.62,2,0,0,ultimo,2540,236,335
606,61.27,1,1,0,ultimo,2541,273,331
641,50.39,1,2,0,ultimo,2542,273,365
684,65.52,1,1,0,ultimo,2543,270,412
894,66.03,3,1,0,ultimo,2544,365,525
482,65.58,4,0,0,ultimo,2545,193,285
707,74.74,3,1,0,ultimo,2546,384,319
815,64.58,3,1,0,ultimo,2547,387,424
663,60.88,0,2,0,ultimo,2548,344,317
712,62.24,0,0,0,ultimo,2549,308,404
587,59.84,3,0,0,ultimo,2550,266,318
485,54.56,0,0,0,ultimo,2551,200,285
696,59.23,5,3,0,ultimo,2552,272,416
550,59.01,0,0,0,ultimo,2553,222,328
607,60.04,2,1,0,ultimo,2554,297,307
673,59.45,1,0,0,ultimo,2555,274,398
690,55.65,4,0,0,ultimo,2556,305,381
655,52.23,5,0,0,ultimo,2557,286,364
326,34.39,3,1,0,ultimo,2558,138,184
589,54.24,0,0,0,ultimo,2559,250,339
779,59.33,1,0,0,ultimo,2560,374,404
584,59.41,3,1,0,ultimo,2561,163,417
681,69.49,3,0,0,ultimo,2562,265,413
857,66.23,6,1,0,ultimo,2563,296,554
814,72.94,0,1,0,ultimo,2564,325,488
713,58.2,3,3,0,ultimo,2565,345,362
333,73.19,1,1,0,ultimo,2566,142,189
602,49.88,1,1,0,ultimo,2567,260,340
518,65.9,1,2,0,ultimo,2568,182,333
415,57.88,1,0,0,ultimo,2569,189,225
73,0.0,0,0,0,ultimo,2570,25,48
175,0.0,0,0,0,ultimo,2571,72,103
80,0.0,0,0,0,ultimo,2572,28,52
41,455.56,0,0,0,ultimo,2573,13,28
66,0.0,0,0,0,ultimo,2574,28,38
37,0.0,0,0,0,ultimo,2575,17,20
41,0.0,0,0,0,ultimo,2576,18,23
73,0.0,0,0,0,ultimo,2577,33,40
104,0.0,0,0,0,ultimo,2578,51,53
112,,0,0,0,ultimo,2579,44,68
138,0.0,0,0,0,ultimo,2580,48,90
80,,1,0,0,ultimo,2581,36,43
90,0.0,3,0,0,ultimo,2582,45,42
30,,0,0,0,ultimo,2583,8,22
59,0.0,0,0,0,ultimo,2584,25,34
42,0.0,0,0,0,ultimo,2585,23,19
33,0.0,0,0,0,ultimo,2586,13,20
83,,0,0,0,ultimo,2587,40,43
93,,0,0,0,ultimo,2588,50,43
85,,0,1,0,ultimo,2589,37,47
36,,0,1,0,ultimo,2590,17,18
17,0.0,0,0,0,ultimo,2591,6,11
62,0.0,1,1,0,ultimo,2592,32,28
46,0.0,0,0,0,ultimo,2593,18,28
104,0.0,1,0,0,ultimo,2594,42,61
67,167.5,1,0,0,ultimo,2595,33,33
61,0.0,2,0,0,ultimo,2596,24,35
65,0.0,0,0,0,ultimo,2597,32,33
37,,0,0,0,ultimo,2598,18,19
44,0.0,0,0,0,ultimo,2599,17,27
